Buyer_ID,Age,Gender,Annual_Income_USD,Daily_Commute_km,Range_Anxiety_Level,Home_Charging_Possible,ev_brand,ev_model,effective_price_usd,range_km,top_concern_before_buying
EV00001,56,Male,44906,18.1,Low,Yes,Hyundai,"IONIQ 5",51845,63,"Charging Time"
EV00002,36,Male,88754,5,Low,Yes,BYD,"Atto 3",30562,275,"Range Anxiety"
EV00003,42,Male,155958,32.2,Medium,No,Volvo,"XC40 Recharge",36666,48,"Battery Life"
EV00004,31,Male,37059,89.9,Low,Yes,Chevrolet,"Bolt EV",26100,564,"Range Anxiety"
EV00005,48,Female,48552,71,Low,Yes,BMW,iX,60839,44,"Charging Time"
EV00006,36,Male,65370,75.7,Low,Yes,Rivian,R1S,54574,31,"Charging Time"
EV00007,34,Female,128669,85.4,Low,Yes,"Tata Motors","Tigor EV",16102,287,"Resale Value"
EV00008,38,Male,93811,12,Low,No,Rivian,R1T,78838,45,"High Price"
EV00009,65,Female,104837,40.6,Low,No,Tesla,"Model S",30965,678,"Charging Infrastructure"
EV00010,29,Female,87121,42.9,Low,Yes,NIO,ES6,32650,513,"Charging Time"
EV00011,65,Other,88554,45,Low,Yes,Tesla,Cybertruck,40558,120,"High Price"
EV00012,53,Male,109461,49.5,Low,Yes,Tesla,"Model 3",44276,516,"None/No Concern"
EV00013,25,Male,83760,44.7,Low,No,BYD,Tang,17858,455,"Resale Value"
EV00014,30,Female,60341,30.6,Low,No,Hyundai,"IONIQ 5",32530,46,"Range Anxiety"
EV00015,37,Male,85800,35.4,Medium,No,Rivian,R1S,49084,448,"Charging Infrastructure"
EV00016,54,Male,106008,22.9,Low,Yes,Tesla,"Model S",36453,81,"Charging Time"
EV00017,65,Female,98346,26.9,Low,Yes,BYD,"Atto 3",29870,267,"None/No Concern"
EV00018,44,Male,120226,49.1,Medium,No,Nissan,Leaf,35347,88,"Battery Life"
EV00019,33,Male,75736,52.1,Low,Yes,"Tata Motors","Nexon EV",21868,76,"Charging Time"
EV00020,54,Female,54729,67.6,Low,Yes,Tesla,"Model S",37816,36,"Resale Value"
EV00021,59,Male,56001,85.2,Low,No,Volvo,"C40 Recharge",51027,74,"Charging Time"
EV00022,69,Female,56342,95,Low,Yes,BYD,"Atto 3",30379,71,"Charging Infrastructure"
EV00023,33,Female,79934,40,Low,Yes,"MG Motor","MG 5",19406,308,"Battery Life"
EV00024,44,Female,108205,81.3,Low,Yes,BYD,Tang,29307,299,"Range Anxiety"
EV00025,35,Female,112801,21.8,Low,No,Volvo,"XC40 Recharge",47493,324,"High Price"
EV00026,37,Male,115169,27,Medium,No,NIO,ET5,28625,323,"Charging Infrastructure"
EV00027,56,Male,77164,18.3,Low,Yes,"Lucid Motors","Air Pure",124054,772,"High Price"
EV00028,68,Male,59698,56,Low,Yes,Chevrolet,"Silverado EV",29488,102,"Resale Value"
EV00029,48,Male,151911,22.4,Low,Yes,Ford,E-Transit,32904,582,"Battery Life"
EV00030,25,Female,102879,50.7,Low,Yes,Stellantis,"Opel Mokka-e",24610,441,"Range Anxiety"
EV00031,66,Male,59703,42.3,Low,Yes,Tesla,"Model 3",30106,114,"Range Anxiety"
EV00032,34,Male,87624,16.7,Low,No,BMW,i3,66566,346,"Range Anxiety"
EV00033,33,Male,90104,58.5,Low,Yes,Hyundai,"IONIQ 6",41578,386,"Charging Infrastructure"
EV00035,44,Female,128080,21.7,Low,Yes,BMW,i4,72152,29,"Charging Infrastructure"
EV00037,53,Female,105536,37.1,Low,Yes,Hyundai,"IONIQ 5",46959,31,"Resale Value"
EV00038,32,Male,83198,45.1,Low,Yes,Tesla,"Model Y",36795,42,"None/No Concern"
EV00039,35,Female,137112,22,Low,No,Hyundai,"IONIQ 6",26205,588,"Battery Life"
EV00040,64,Male,36128,64.7,Low,Yes,Volkswagen,ID.3,36994,115,"High Price"
EV00041,63,Male,88159,8.3,Low,No,"Tata Motors","Tiago EV",337,113,"High Price"
EV00042,34,Male,74022,11.9,Low,Yes,Tesla,"Model 3",44007,783,"Resale Value"
EV00043,43,Male,86147,5,Low,Yes,Tesla,"Model Y",40463,706,"Charging Time"
EV00044,32,Male,42679,19.4,Low,No,BMW,i4,52880,31,"Charging Time"
EV00045,64,Male,45307,60.5,Medium,No,Tesla,"Model Y",47389,793,"Charging Infrastructure"
EV00046,40,Male,88503,5,Low,No,Volkswagen,ID.6,24938,594,"Range Anxiety"
EV00047,69,Male,45787,45.8,Medium,No,Kia,EV9,37213,546,"High Price"
EV00048,25,Male,30000,59.2,Low,Yes,"Lucid Motors","Air Grand Touring",82097,28,"Charging Time"
EV00049,67,Male,54878,38.9,Low,Yes,Hyundai,"Kona Electric",43226,42,"Charging Infrastructure"
EV00050,37,Male,51068,42.1,Low,Yes,Tesla,Cybertruck,41692,62,"None/No Concern"
EV00051,42,Male,124042,46.7,Low,Yes,Nissan,Ariya,23001,376,"None/No Concern"
EV00052,36,Male,54580,60.5,Low,Yes,Hyundai,"IONIQ 6",45791,309,"Charging Infrastructure"
EV00053,40,Male,39063,5,Low,Yes,Volkswagen,ID.3,30876,618,"High Price"
EV00054,58,Male,68155,24.4,Medium,No,Chevrolet,"Silverado EV",41873,472,"Battery Life"
EV00055,54,Female,30000,35.3,Low,Yes,Hyundai,"IONIQ 6",43384,475,"Resale Value"
EV00056,49,Female,47733,50.1,Low,Yes,Volkswagen,ID.Buzz,30769,82,"High Price"
EV00057,61,Female,56454,78.9,Low,No,Rivian,R1S,80208,21,"Charging Time"
EV00058,44,Other,118688,81.1,Low,Yes,BMW,i3,90314,52,"Battery Life"
EV00060,55,Female,101814,5,Medium,No,Volkswagen,ID.Buzz,39294,45,"High Price"
EV00061,35,Male,116042,58.9,Low,Yes,Nissan,Leaf,25477,256,"Battery Life"
EV00062,64,Female,63647,40.6,Low,No,Chevrolet,"Bolt EV",11326,34,"Range Anxiety"
EV00063,45,Male,92502,49.3,Low,No,Polestar,"Polestar 3",60910,640,"Charging Infrastructure"
EV00066,47,Male,41847,49.4,Low,Yes,Renault,Zoe,22371,235,"High Price"
EV00067,51,Female,91292,71.4,Low,No,Tesla,"Model Y",49669,767,"Charging Infrastructure"
EV00068,48,Male,63912,29.2,Low,No,Volkswagen,ID.Buzz,44068,67,"Range Anxiety"
EV00069,62,Female,46223,44.3,Low,Yes,BYD,Han,31852,93,"Battery Life"
EV00070,47,Female,102868,52.2,Low,Yes,Nissan,Leaf,29244,31,"Charging Infrastructure"
EV00072,27,Female,77759,13,Low,Yes,Kia,EV9,32263,72,"Resale Value"
EV00073,43,Female,137568,15.2,Low,Yes,Tesla,"Model X",47853,705,"Charging Time"
EV00074,53,Female,68713,50.9,Low,Yes,Tesla,"Model X",25076,42,"Charging Infrastructure"
EV00075,36,Female,97685,26.4,Low,Yes,Volkswagen,ID.4,31945,61,"Charging Time"
EV00076,35,Female,52349,74.5,Medium,No,Tesla,"Model 3",39660,101,"High Price"
EV00077,55,Male,90350,64.2,High,No,BMW,iX,48830,427,"Range Anxiety"
EV00078,60,Male,71949,25.1,Low,Yes,BYD,Dolphin,36856,50,"Charging Infrastructure"
EV00079,53,Male,143044,27.3,Low,Yes,NIO,ET5,62470,328,"High Price"
EV00080,28,Male,75226,69.5,Medium,No,Rivian,R1T,74681,38,"High Price"
EV00081,44,Male,30000,36.2,Low,Yes,Mercedes-Benz,EQE,75870,90,"None/No Concern"
EV00082,45,Female,81991,19.5,Medium,No,Nissan,Leaf,22496,489,"Charging Time"
EV00083,39,Male,30000,31,Medium,No,Nissan,Ariya,30269,592,"Charging Time"
EV00084,30,Female,30000,26.4,Low,Yes,Tesla,"Model 3",22436,503,"Charging Infrastructure"
EV00085,30,Female,88411,41.5,Low,Yes,Hyundai,"IONIQ 5",47373,49,"Charging Time"
EV00087,49,Male,135989,5,Low,No,Polestar,"Polestar 2",30237,506,"Charging Time"
EV00088,64,Male,80731,72.7,Low,Yes,Kia,EV6,40689,45,"Battery Life"
EV00089,62,Female,30000,43.9,Low,Yes,Rivian,R1T,93056,58,"Charging Time"
EV00090,32,Male,119804,80.9,Low,Yes,Tesla,"Model 3",47336,727,"Range Anxiety"
EV00091,62,Female,147235,43.2,Low,Yes,NIO,ET7,53054,419,"Charging Infrastructure"
EV00092,29,Male,95129,5,Low,Yes,"MG Motor","MG 4",18898,20,"Battery Life"
EV00093,48,Female,161488,33.4,Low,No,Volkswagen,ID.Buzz,29973,45,"Resale Value"
EV00094,60,Male,72262,40.9,Medium,No,Chevrolet,"Bolt EV",25257,40,"Charging Infrastructure"
EV00095,40,Female,68909,44.3,Low,No,Volkswagen,ID.3,32542,468,"Battery Life"
EV00096,59,Male,73458,28.2,Low,Yes,"MG Motor","MG 5",18095,55,"Range Anxiety"
EV00097,28,Male,96810,40.6,Low,Yes,Volkswagen,ID.3,25714,49,"Charging Time"
EV00098,43,Male,109349,5,Low,Yes,"MG Motor","MG 4",35300,266,"High Price"
EV00099,38,Female,98035,78,Medium,No,Volvo,"C40 Recharge",60406,504,"None/No Concern"
EV00101,62,Male,73961,44.2,Low,Yes,Mercedes-Benz,EQA,76599,464,"High Price"
EV00102,54,Male,66570,50.6,Low,Yes,Tesla,"Model X",50128,638,"Range Anxiety"
EV00103,47,Female,78293,39.3,High,No,Volkswagen,ID.4,35827,51,"Battery Life"
EV00104,46,Male,114842,30,Low,No,BYD,Tang,21880,41,"Battery Life"
EV00105,46,Male,172772,50.4,Low,Yes,Hyundai,"Kona Electric",37316,259,"Resale Value"
EV00106,42,Male,92251,61.1,Low,No,Audi,"e-tron GT",71135,294,"Resale Value"
EV00107,48,Female,70475,60.9,Medium,No,BYD,Tang,13435,474,"Battery Life"
EV00108,68,Male,75946,31.6,Low,Yes,BMW,i7,61375,102,"Battery Life"
EV00109,55,Male,134063,48.5,Low,Yes,Hyundai,"Kona Electric",60432,514,"Resale Value"
EV00110,61,Male,100474,67.2,Low,Yes,Rivian,R1T,86671,70,"Charging Infrastructure"
EV00111,32,Female,30000,5,Low,Yes,Kia,"Niro EV",22459,605,"Resale Value"
EV00112,45,Female,90029,53.5,Low,Yes,BYD,Han,25164,438,"Range Anxiety"
EV00113,52,Female,100447,86,Low,Yes,"Tata Motors","Tigor EV",11466,66,"Resale Value"
EV00114,36,Female,59901,102.8,Medium,No,Tesla,"Model Y",48975,22,"High Price"
EV00115,30,Female,32083,19.4,Low,No,Volvo,"XC40 Recharge",58660,59,"Charging Infrastructure"
EV00116,47,Female,132386,39.4,Medium,No,Hyundai,"IONIQ 5",40436,464,"None/No Concern"
EV00117,50,Male,68380,5,Low,Yes,Volkswagen,ID.4,30777,338,"Charging Infrastructure"
EV00118,43,Male,64417,5.4,Low,No,"MG Motor","MG 4",25888,322,"Charging Infrastructure"
EV00119,38,Male,45138,55.3,Low,Yes,Hyundai,"IONIQ 5",36404,112,"Range Anxiety"
EV00120,63,Female,30033,6.5,Low,No,Nissan,Ariya,34860,53,"Charging Infrastructure"
EV00121,28,Female,80601,62.5,Medium,No,Rivian,R1T,76014,46,"Charging Infrastructure"
EV00122,39,Male,72949,17.4,Low,Yes,Hyundai,"IONIQ 6",47456,283,"Resale Value"
EV00123,48,Male,93316,34.5,Low,No,Stellantis,"Opel Mokka-e",33302,523,"None/No Concern"
EV00124,38,Male,30000,20.1,Low,Yes,Volkswagen,ID.3,37227,96,"Range Anxiety"
EV00125,49,Female,89539,32.1,Low,No,Hyundai,"Kona Electric",37391,46,"Charging Infrastructure"
EV00127,25,Male,122872,72.1,Low,Yes,Hyundai,"IONIQ 6",30785,521,"Charging Infrastructure"
EV00128,54,Other,71212,54.3,Low,No,BYD,Dolphin,19176,445,"Battery Life"
EV00130,65,Female,184032,45.6,Low,No,Volkswagen,ID.3,25474,80,"None/No Concern"
EV00131,52,Female,104538,21.2,Low,Yes,Polestar,"Polestar 3",65431,28,"Range Anxiety"
EV00132,58,Female,67575,29.7,Low,No,Kia,"Niro EV",32402,77,"None/No Concern"
EV00133,49,Female,40878,5,Low,Yes,Mercedes-Benz,EQE,83428,51,"Charging Infrastructure"
EV00134,61,Female,65775,26.9,Low,Yes,"MG Motor","MG 4",28656,366,"High Price"
EV00135,63,Male,53486,5,Low,Yes,BYD,Tang,28834,279,"Battery Life"
EV00136,34,Male,133659,19,Low,No,Renault,Zoe,22284,278,"Charging Infrastructure"
EV00137,28,Male,72182,21.7,Low,Yes,Tesla,"Model 3",40245,84,"Charging Infrastructure"
EV00138,68,Male,105134,12.7,Low,Yes,BYD,Tang,19977,68,"Charging Infrastructure"
EV00140,40,Male,124982,65.3,Low,No,Kia,EV9,29932,260,"Resale Value"
EV00142,29,Male,145914,32.7,Low,Yes,Rivian,R1T,56555,331,"Battery Life"
EV00144,43,Female,30244,59.4,Low,Yes,NIO,ET5,43928,94,"Charging Infrastructure"
EV00145,39,Male,73940,59.1,Low,Yes,Nissan,Leaf,29571,399,"Battery Life"
EV00146,53,Male,117729,71.7,Low,Yes,Tesla,"Model 3",44444,113,"Charging Infrastructure"
EV00147,42,Male,30000,64.5,High,No,Chevrolet,"Bolt EUV",17355,359,"High Price"
EV00148,48,Female,77008,81.3,Low,Yes,BYD,Han,20627,517,"Range Anxiety"
EV00150,31,Male,44080,45.9,Low,Yes,BYD,"Atto 3",34961,99,"Charging Infrastructure"
EV00151,32,Male,72754,57.4,Low,Yes,Volkswagen,ID.3,20829,53,"Range Anxiety"
EV00152,45,Male,110321,8.4,Low,No,Kia,EV9,33122,436,"Charging Infrastructure"
EV00153,35,Male,75822,73.4,Low,No,Rivian,R1S,64853,84,"Range Anxiety"
EV00154,67,Female,126746,23,Low,Yes,BMW,i4,64420,116,"High Price"
EV00155,57,Male,54139,45.7,Medium,No,Tesla,Cybertruck,36411,100,"Charging Infrastructure"
EV00157,64,Male,79224,38.6,Low,Yes,Volvo,EX90,40827,258,"High Price"
EV00158,48,Female,35750,31.7,High,No,Volkswagen,ID.4,25345,472,"Charging Time"
EV00159,47,Female,70350,5,Low,Yes,BMW,i3,60630,90,"High Price"
EV00160,46,Male,124058,41.6,Low,Yes,Rivian,R1S,83039,251,"None/No Concern"
EV00161,51,Female,62144,5,Low,No,BYD,"Atto 3",31876,32,"High Price"
EV00163,27,Female,95207,42.7,Low,Yes,"MG Motor","MG ZS EV",8270,342,"Range Anxiety"
EV00164,65,Female,30000,39.3,Low,Yes,"Tata Motors","Tiago EV",16542,287,"Battery Life"
EV00165,42,Female,123312,45.7,Low,Yes,Hyundai,"Kona Electric",30516,51,"Charging Infrastructure"
EV00166,26,Male,65556,14,Low,Yes,Hyundai,"IONIQ 6",68772,24,"High Price"
EV00167,50,Female,78252,44.7,Low,Yes,Tesla,"Model X",43726,804,"Battery Life"
EV00168,27,Male,30000,37.6,Low,Yes,BMW,i4,71371,95,"Resale Value"
EV00169,41,Female,97763,67.3,Low,No,Mercedes-Benz,EQA,85517,503,"Battery Life"
EV00170,27,Male,96295,12.1,Low,Yes,NIO,ET5,41213,371,"High Price"
EV00171,49,Male,144762,27.5,Low,Yes,Hyundai,"Kona Electric",38288,29,"Range Anxiety"
EV00172,40,Female,114869,63.3,Low,Yes,Rivian,R1T,54181,101,"High Price"
EV00173,54,Female,30000,27.3,Low,Yes,Renault,Zoe,24637,35,"Resale Value"
EV00175,53,Male,92473,29.8,Medium,No,Volkswagen,ID.6,35266,503,"Range Anxiety"
EV00176,67,Male,116886,69.1,Low,Yes,BYD,Tang,26974,400,"Range Anxiety"
EV00177,47,Female,133640,85,Medium,Yes,Stellantis,"Jeep Avenger",22298,419,"Range Anxiety"
EV00178,45,Male,47885,57.9,Low,Yes,Hyundai,"Kona Electric",38447,280,"Range Anxiety"
EV00179,50,Female,35150,25,Low,Yes,Mercedes-Benz,EQS,103687,579,"High Price"
EV00180,58,Female,92385,70.1,Low,Yes,Kia,"Niro EV",37698,110,"Range Anxiety"
EV00181,32,Female,86258,55.1,Medium,No,Nissan,Ariya,30340,302,"Resale Value"
EV00182,33,Male,94589,17.3,Low,Yes,Hyundai,"IONIQ 5",34805,506,"High Price"
EV00183,41,Female,112037,7,Low,Yes,BYD,Seal,25245,515,"Charging Infrastructure"
EV00184,54,Male,98396,17.3,Low,Yes,Hyundai,"IONIQ 5",45893,54,"Charging Infrastructure"
EV00185,25,Male,51207,40.8,Low,Yes,Mercedes-Benz,EQA,97763,251,"Charging Time"
EV00186,69,Female,108462,76.3,Medium,No,Renault,Zoe,40576,217,"None/No Concern"
EV00187,65,Male,40588,45.4,Medium,No,BYD,Tang,16387,511,"Resale Value"
EV00188,64,Male,72483,46.4,Low,Yes,Volkswagen,ID.4,51494,59,"Charging Infrastructure"
EV00189,41,Male,58052,55.5,Low,Yes,Stellantis,"Jeep Avenger",26145,504,"Range Anxiety"
EV00190,63,Female,36242,46.4,Low,Yes,"MG Motor","MG ZS EV",27355,107,"Range Anxiety"
EV00191,64,Other,92760,28.9,Low,Yes,Volkswagen,ID.6,30410,85,"Charging Time"
EV00192,64,Female,30000,53.4,Low,Yes,Volkswagen,ID.4,45233,316,"None/No Concern"
EV00193,60,Male,76110,45.4,Low,Yes,Renault,"Kangoo E-Tech",30991,227,"Range Anxiety"
EV00194,50,Female,59336,22.7,Low,Yes,BYD,Tang,30349,474,"Range Anxiety"
EV00195,56,Male,72047,75,Medium,No,Stellantis,"Fiat 500e",26165,535,"Charging Infrastructure"
EV00196,36,Female,123501,33.7,Low,No,Nissan,Ariya,41196,56,"Charging Time"
EV00197,33,Male,44583,45,Low,Yes,BYD,Dolphin,16102,277,"Battery Life"
EV00198,36,Male,73155,39.6,Low,Yes,Volkswagen,ID.6,39343,273,"High Price"
EV00199,37,Male,40754,5,Low,Yes,Volkswagen,ID.6,35342,59,"Battery Life"
EV00200,40,Female,122777,72.6,Low,Yes,Hyundai,"Kona Electric",37405,22,"Range Anxiety"
EV00201,47,Male,120429,19.6,Low,Yes,BYD,Dolphin,20253,606,"Range Anxiety"
EV00202,62,Female,126487,26.7,Low,Yes,Kia,EV9,41494,47,"Charging Infrastructure"
EV00203,27,Male,137573,85.4,Low,Yes,BYD,Tang,22815,270,"Charging Time"
EV00204,63,Male,140561,57.5,Low,No,Tesla,"Model X",42492,690,"Resale Value"
EV00205,67,Male,112536,24.6,Low,No,BYD,"Atto 3",39089,547,"Range Anxiety"
EV00206,26,Female,119807,48.4,Low,Yes,Nissan,Leaf,16626,602,"Resale Value"
EV00207,59,Female,52740,10.2,Low,Yes,Ford,"Mustang Mach-E",39918,447,"Range Anxiety"
EV00208,62,Male,66471,73.9,Medium,No,Tesla,Cybertruck,58851,454,"Resale Value"
EV00209,60,Female,134700,37.2,Low,No,Mercedes-Benz,EQB,82717,408,"Range Anxiety"
EV00210,67,Male,131660,94.6,Low,Yes,Volkswagen,ID.Buzz,25050,361,"Charging Infrastructure"
EV00211,62,Female,99628,40.3,Low,Yes,Volkswagen,ID.4,58138,467,"None/No Concern"
EV00212,69,Male,57622,50.7,Medium,No,BMW,i7,66368,79,"Range Anxiety"
EV00213,69,Female,102455,37.9,Low,Yes,NIO,ET7,68724,52,"High Price"
EV00214,56,Female,95334,5,Low,Yes,Tesla,"Model Y",48293,47,"Battery Life"
EV00215,40,Male,202395,40.7,Low,Yes,"Tata Motors","Tigor EV",16466,100,"Battery Life"
EV00216,46,Male,30000,53.2,Low,Yes,BYD,Han,31662,54,"High Price"
EV00217,28,Male,96964,52.7,Low,No,Tesla,"Model X",41568,727,"Battery Life"
EV00218,34,Male,59286,5,Medium,No,Volkswagen,ID.6,49653,251,"Range Anxiety"
EV00219,54,Female,87726,42.9,Low,Yes,NIO,ET5,30607,465,"Charging Time"
EV00220,55,Female,30000,19.8,Low,Yes,Nissan,Ariya,28252,618,"Charging Time"
EV00221,60,Male,96891,14.4,Low,Yes,BMW,i4,35077,84,"Charging Infrastructure"
EV00222,65,Female,87712,5,Low,Yes,Stellantis,"Jeep Avenger",31636,443,"Charging Infrastructure"
EV00223,49,Female,79769,30.3,Low,Yes,Volkswagen,ID.4,34600,485,"Charging Infrastructure"
EV00224,55,Male,95679,5,Low,Yes,Volkswagen,ID.3,63196,316,"Charging Infrastructure"
EV00225,64,Female,134501,48.9,Low,Yes,Nissan,Ariya,24939,314,"Range Anxiety"
EV00226,47,Female,91775,32.1,Low,Yes,Audi,"e-tron GT",79105,296,"Resale Value"
EV00227,42,Male,107212,72.4,Medium,No,Volvo,"C40 Recharge",68400,81,"Range Anxiety"
EV00228,29,Male,73985,32.3,Low,No,Stellantis,"Jeep Avenger",37817,119,"Charging Time"
EV00229,42,Male,66977,5,Low,No,BMW,iX,39015,287,"Range Anxiety"
EV00230,43,Other,155798,48.2,Low,No,Kia,EV6,36383,495,"None/No Concern"
EV00231,44,Female,93100,82.9,Low,Yes,Rivian,R1S,74658,514,"Charging Time"
EV00232,43,Female,133234,5,Low,Yes,BYD,Tang,21635,421,"Charging Infrastructure"
EV00233,32,Female,94902,50.4,Medium,No,Tesla,"Model S",48041,467,"High Price"
EV00234,28,Male,39901,78.8,Low,Yes,Chevrolet,"Silverado EV",35213,384,"Resale Value"
EV00235,59,Female,55542,13.1,Low,Yes,Tesla,"Model 3",46857,500,"Resale Value"
EV00236,37,Female,61690,60.3,Medium,No,Audi,e-tron,74902,633,"Range Anxiety"
EV00237,55,Male,77274,41.2,Medium,No,Tesla,"Model S",30817,119,"High Price"
EV00238,45,Female,115755,33.1,Low,Yes,BMW,i7,64908,327,"Range Anxiety"
EV00239,30,Male,83367,65.1,Medium,No,Hyundai,"IONIQ 6",28367,118,"High Price"
EV00240,34,Female,109775,39.6,Low,No,Volvo,"XC40 Recharge",29644,67,"High Price"
EV00241,59,Male,164179,65.1,Medium,No,Hyundai,"IONIQ 6",30018,33,"High Price"
EV00242,30,Female,57624,66.5,Medium,No,BYD,Tang,12892,71,"None/No Concern"
EV00243,50,Male,105601,56.8,Low,Yes,Nissan,Ariya,31558,574,"Battery Life"
EV00244,39,Female,104074,34,Low,Yes,Rivian,R1S,52510,644,"Battery Life"
EV00245,53,Male,75723,16.5,Low,No,Mercedes-Benz,EQS,95102,525,"None/No Concern"
EV00246,35,Male,30000,43.7,Low,Yes,BYD,Tang,19193,51,"Battery Life"
EV00247,36,Male,121824,55.3,Medium,No,Renault,"Kangoo E-Tech",22193,118,"Charging Infrastructure"
EV00248,58,Female,30000,99,Low,Yes,Chevrolet,"Silverado EV",42145,93,"Range Anxiety"
EV00249,34,Male,69465,6,Low,No,Tesla,"Model Y",61569,710,"Charging Time"
EV00250,68,Female,64020,53.3,Low,Yes,Nissan,Ariya,33751,354,"Charging Infrastructure"
EV00251,45,Male,66434,96,Medium,No,Renault,Zoe,15206,43,"Charging Infrastructure"
EV00252,43,Male,102231,75.5,Medium,Yes,Volkswagen,ID.4,53496,51,"Charging Infrastructure"
EV00253,55,Male,89729,18.4,Low,Yes,Tesla,"Model Y",50714,519,"High Price"
EV00254,28,Male,30000,67,Medium,No,BYD,Han,23875,604,"Charging Infrastructure"
EV00255,54,Female,30000,25.2,Low,No,BYD,Seal,29699,59,"Charging Infrastructure"
EV00257,42,Female,53122,18.9,Low,Yes,Audi,"Q4 e-tron",65032,24,"Charging Infrastructure"
EV00258,32,Female,88201,61.8,Low,Yes,Ford,"Mustang Mach-E",52735,78,"None/No Concern"
EV00259,50,Female,112540,69.1,Low,Yes,Hyundai,"IONIQ 5",56566,54,"Resale Value"
EV00261,63,Female,128429,85.4,Low,No,Tesla,"Model Y",33136,744,"High Price"
EV00262,46,Female,80353,51.5,Low,Yes,Chevrolet,"Bolt EV",35013,521,"Range Anxiety"
EV00263,54,Male,30000,5,Low,Yes,Ford,E-Transit,38036,275,"Resale Value"
EV00264,31,Female,40256,76.1,Low,Yes,BYD,Tang,23369,571,"Charging Infrastructure"
EV00265,31,Female,87678,42.2,Low,No,Chevrolet,"Silverado EV",41016,506,"None/No Concern"
EV00266,36,Female,76258,5,Low,No,Nissan,Ariya,16873,334,"High Price"
EV00267,58,Male,63571,66,Low,Yes,"MG Motor","MG 4",7545,50,"None/No Concern"
EV00268,69,Male,102883,92.1,Low,Yes,"Lucid Motors","Air Grand Touring",89612,520,"Charging Infrastructure"
EV00269,59,Male,73232,33,Low,Yes,Audi,"Q4 e-tron",62662,45,"High Price"
EV00270,64,Male,67598,35.2,Low,No,Chevrolet,"Silverado EV",33129,269,"Battery Life"
EV00271,57,Male,64221,41.5,Low,No,Nissan,Ariya,15718,310,"Resale Value"
EV00272,48,Male,71090,25.8,Low,Yes,Ford,E-Transit,34930,459,"Charging Infrastructure"
EV00273,39,Female,103376,53.8,Low,Yes,Tesla,"Model S",55653,748,"Battery Life"
EV00274,46,Female,68476,67.3,Low,Yes,Tesla,"Model X",36253,768,"Battery Life"
EV00275,51,Female,71934,28.2,Low,No,Nissan,Leaf,31171,50,"Resale Value"
EV00276,39,Male,93141,92.1,Medium,No,Rivian,R1T,40575,617,"Range Anxiety"
EV00277,45,Male,101793,82.1,Low,Yes,"Tata Motors","Nexon EV",3863,332,"Resale Value"
EV00278,26,Female,72223,40,Low,Yes,Tesla,"Model S",37349,44,"Range Anxiety"
EV00279,31,Male,109262,28.6,Low,No,"Lucid Motors","Air Grand Touring",101530,689,"None/No Concern"
EV00280,50,Female,64358,96.6,Low,Yes,"Tata Motors","Tiago EV",2608,362,"Charging Infrastructure"
EV00281,57,Female,90805,34.3,Low,Yes,Stellantis,"Opel Mokka-e",25076,646,"Charging Time"
EV00282,57,Male,115831,31.6,Low,Yes,BYD,Seal,23537,263,"High Price"
EV00283,56,Female,56521,31.4,Low,No,BYD,Tang,29562,462,"Charging Infrastructure"
EV00285,67,Female,30000,5,Low,Yes,"Lucid Motors","Air Grand Touring",104321,821,"Charging Infrastructure"
EV00286,40,Male,59962,9.1,Low,Yes,Stellantis,"Opel Mokka-e",42123,39,"Range Anxiety"
EV00287,48,Female,124829,62.7,Medium,No,Chevrolet,"Bolt EV",30267,610,"Range Anxiety"
EV00288,47,Female,109149,58.1,Low,Yes,Mercedes-Benz,EQB,98627,31,"Resale Value"
EV00289,55,Male,62006,22,Low,No,BYD,"Atto 3",21495,97,"Charging Infrastructure"
EV00290,64,Male,81449,20.4,Low,Yes,Renault,"Kangoo E-Tech",34812,41,"None/No Concern"
EV00291,32,Female,32275,31.8,Low,Yes,Hyundai,"IONIQ 5",41253,308,"Range Anxiety"
EV00292,49,Male,90350,54.1,Low,Yes,Nissan,Ariya,29185,58,"Charging Infrastructure"
EV00293,66,Female,100048,5,Low,Yes,Chevrolet,"Bolt EUV",33383,86,"Charging Time"
EV00294,61,Female,81108,38,Low,Yes,Volkswagen,ID.6,27503,100,"Charging Infrastructure"
EV00295,56,Female,77121,80.3,Low,Yes,Volvo,EX90,56524,27,"Battery Life"
EV00296,41,Female,30000,43.1,Low,Yes,Hyundai,"Kona Electric",45950,498,"None/No Concern"
EV00297,48,Male,107191,17.9,Low,No,BMW,i4,62528,26,"High Price"
EV00298,47,Male,40478,96.7,Low,Yes,BMW,i4,56708,571,"Charging Infrastructure"
EV00299,57,Female,86732,57.2,Low,No,Audi,"e-tron GT",83566,437,"Range Anxiety"
EV00300,28,Male,51317,34.2,Low,No,Rivian,R1T,47173,49,"Battery Life"
EV00301,37,Female,93603,29.8,Low,Yes,Hyundai,"Kona Electric",43959,50,"Range Anxiety"
EV00302,32,Male,82783,51.3,Medium,No,Kia,"Niro EV",43255,97,"Battery Life"
EV00303,34,Male,44909,36.4,Low,Yes,Tesla,"Model X",62369,498,"None/No Concern"
EV00304,48,Female,152819,24.6,Low,Yes,BMW,i3,58546,359,"Battery Life"
EV00305,56,Female,73288,5.5,Low,Yes,BYD,Dolphin,26819,47,"Charging Infrastructure"
EV00306,64,Female,90003,52.9,Low,Yes,Mercedes-Benz,EQB,75535,473,"High Price"
EV00307,64,Male,51726,28,Low,Yes,Volkswagen,ID.3,29812,326,"High Price"
EV00308,25,Female,119401,17.2,Low,Yes,Nissan,Leaf,22295,115,"None/No Concern"
EV00309,49,Male,131482,32.3,Medium,Yes,BYD,Seal,28003,341,"High Price"
EV00310,37,Male,102679,60.9,Low,Yes,Mercedes-Benz,EQB,66365,41,"Range Anxiety"
EV00311,54,Female,134191,44.3,Low,Yes,Hyundai,"Kona Electric",31467,485,"Range Anxiety"
EV00312,44,Female,89671,30.4,Low,Yes,Volvo,"C40 Recharge",43340,622,"None/No Concern"
EV00313,56,Male,83359,49,Low,Yes,Kia,EV6,52616,314,"High Price"
EV00314,29,Male,55613,59.2,Low,Yes,Nissan,Leaf,23674,487,"Charging Time"
EV00315,30,Female,96869,46.1,Medium,No,Tesla,"Model S",27062,513,"Resale Value"
EV00316,32,Female,107495,78,Medium,No,Audi,"e-tron GT",65066,269,"Resale Value"
EV00317,65,Male,72600,23.6,Low,No,Chevrolet,"Silverado EV",35295,338,"Resale Value"
EV00318,34,Male,117588,49.1,Low,No,BYD,Dolphin,12879,424,"Range Anxiety"
EV00319,47,Male,122743,11,Medium,No,Rivian,R1S,63116,83,"Resale Value"
EV00321,58,Female,93217,72.3,Low,Yes,Hyundai,"IONIQ 6",45003,27,"Battery Life"
EV00322,63,Male,106779,62.7,Low,Yes,BYD,Seal,30294,287,"High Price"
EV00323,50,Female,51202,42.3,Low,Yes,BYD,Han,26086,250,"Resale Value"
EV00324,65,Male,96161,10.6,Low,Yes,Audi,"Q4 e-tron",52918,463,"Battery Life"
EV00326,69,Male,67689,14.6,Low,Yes,Tesla,"Model 3",31404,108,"None/No Concern"
EV00327,57,Female,78720,55.1,Medium,No,Tesla,"Model S",42819,506,"Charging Infrastructure"
EV00328,44,Female,64373,8.5,Low,Yes,BYD,Han,8366,546,"Range Anxiety"
EV00329,58,Male,54241,18.1,Low,No,Hyundai,"Kona Electric",40212,75,"Battery Life"
EV00330,64,Male,76940,42.5,Low,No,Volkswagen,ID.3,26235,614,"High Price"
EV00333,38,Female,69340,49.5,Low,Yes,Chevrolet,"Silverado EV",16100,581,"Resale Value"
EV00334,31,Male,73253,13.5,Medium,No,Renault,"Kangoo E-Tech",20666,255,"Charging Time"
EV00336,53,Female,38341,30.4,Low,Yes,Ford,"Mustang Mach-E",49753,640,"None/No Concern"
EV00337,43,Female,113143,44.7,Medium,No,Hyundai,"Kona Electric",30675,366,"Range Anxiety"
EV00338,55,Male,101747,30.5,Low,No,Stellantis,"Opel Mokka-e",30018,533,"Charging Time"
EV00339,26,Female,77719,46.4,Medium,No,BYD,"Atto 3",12730,108,"Battery Life"
EV00340,65,Male,50809,22.7,Low,Yes,Polestar,"Polestar 2",43881,283,"Charging Time"
EV00341,69,Female,97474,32,Low,Yes,Tesla,"Model 3",50842,563,"Resale Value"
EV00342,43,Male,125860,66.3,Low,Yes,Audi,"e-tron GT",56344,20,"Charging Infrastructure"
EV00343,59,Male,109156,5,Low,No,Chevrolet,"Bolt EUV",31566,47,"Battery Life"
EV00344,30,Female,31488,5,Low,Yes,Chevrolet,"Bolt EUV",25128,120,"Battery Life"
EV00345,44,Female,86934,66.2,Low,Yes,NIO,ET7,45685,319,"Resale Value"
EV00346,52,Female,89212,70.6,Low,Yes,Volkswagen,ID.3,44630,466,"Range Anxiety"
EV00347,51,Male,142842,21.7,Low,No,BYD,Han,23152,115,"Battery Life"
EV00348,45,Male,64584,78.3,Low,Yes,Tesla,Cybertruck,37456,721,"Charging Infrastructure"
EV00349,48,Male,41327,44.8,Low,Yes,Tesla,"Model X",46010,732,"Range Anxiety"
EV00350,45,Female,92887,10.1,Medium,No,Audi,"Q4 e-tron",55883,342,"Range Anxiety"
EV00351,42,Female,54116,76.1,High,No,Volkswagen,ID.Buzz,31089,50,"Range Anxiety"
EV00352,25,Female,81190,65.6,Low,Yes,"MG Motor","MG ZS EV",23623,53,"Range Anxiety"
EV00353,69,Male,106333,31.3,Low,Yes,Tesla,"Model X",32319,455,"Resale Value"
EV00354,29,Male,87595,65.5,Low,Yes,Hyundai,"IONIQ 6",31678,526,"Battery Life"
EV00355,35,Female,47771,82.9,Low,No,Tesla,Cybertruck,41973,95,"High Price"
EV00356,43,Male,103485,46.5,Low,Yes,BMW,i3,63535,557,"None/No Concern"
EV00358,54,Female,71462,42.7,Medium,No,Rivian,R1T,66044,62,"Range Anxiety"
EV00359,34,Male,70443,5,Low,Yes,Tesla,"Model Y",50794,96,"Charging Infrastructure"
EV00360,30,Male,129606,82.3,Low,Yes,Audi,"e-tron GT",58992,49,"Resale Value"
EV00361,62,Female,124368,28.6,Low,Yes,Audi,"e-tron GT",76401,93,"High Price"
EV00362,60,Male,184215,44.3,Medium,No,Audi,"e-tron GT",73533,55,"Resale Value"
EV00363,40,Female,67081,10.4,Low,Yes,Volkswagen,ID.4,13061,634,"Resale Value"
EV00364,65,Female,82508,65.8,Low,No,Stellantis,"Fiat 500e",31670,85,"High Price"
EV00365,67,Female,95721,5,Low,Yes,Ford,"F-150 Lightning",41157,645,"High Price"
EV00366,32,Male,113725,24.2,Low,Yes,BYD,Han,27652,411,"Charging Time"
EV00367,62,Other,53431,18.2,Low,No,Tesla,"Model S",44140,593,"None/No Concern"
EV00368,32,Male,108881,5,Low,No,BMW,i3,62253,314,"Resale Value"
EV00369,52,Male,126405,34.4,Low,No,BYD,Tang,8732,445,"Range Anxiety"
EV00370,58,Female,127346,60.6,Low,Yes,Tesla,"Model S",46969,94,"Charging Infrastructure"
EV00371,61,Other,93027,46.9,Low,Yes,BYD,"Atto 3",18119,617,"High Price"
EV00372,68,Female,30689,15.6,Low,No,Tesla,"Model S",44996,77,"Charging Infrastructure"
EV00373,52,Male,67830,62.3,Medium,No,Tesla,"Model Y",39519,793,"Range Anxiety"
EV00374,27,Female,122988,33.4,Medium,No,Volvo,EX90,54225,77,"None/No Concern"
EV00375,28,Male,45249,81.3,Low,Yes,Kia,"Niro EV",36869,435,"Charging Infrastructure"
EV00376,31,Male,63410,24.8,Low,No,Stellantis,"Jeep Avenger",17497,420,"None/No Concern"
EV00377,66,Male,80295,13,Low,Yes,Tesla,"Model 3",46505,42,"High Price"
EV00378,28,Female,83548,22.2,Low,Yes,Volvo,EX90,46418,53,"Battery Life"
EV00379,33,Male,85499,26.7,Low,Yes,Kia,"Niro EV",62158,463,"High Price"
EV00380,49,Male,74057,41.5,Low,Yes,Audi,"e-tron GT",83357,302,"Charging Infrastructure"
EV00381,28,Male,73743,124.9,Low,No,Ford,"F-150 Lightning",44412,428,"High Price"
EV00382,36,Male,95539,18,Low,Yes,Tesla,"Model Y",22777,59,"Resale Value"
EV00383,30,Male,30000,42.9,Low,Yes,Volvo,EX90,50075,24,"Range Anxiety"
EV00384,69,Male,30000,17.6,Low,Yes,BYD,"Atto 3",43704,309,"Range Anxiety"
EV00386,45,Other,94487,68.5,Low,Yes,Volvo,"XC40 Recharge",37931,388,"Charging Infrastructure"
EV00387,66,Female,62930,41.4,Low,Yes,"MG Motor","MG ZS EV",26023,207,"Charging Time"
EV00389,34,Male,64387,48.1,Low,Yes,Ford,"Mustang Mach-E",36400,54,"Resale Value"
EV00390,30,Female,64417,37.2,Low,No,Kia,EV9,41048,522,"High Price"
EV00391,58,Female,55166,30.7,Low,No,Tesla,"Model S",46489,680,"High Price"
EV00392,52,Male,30000,13.7,Low,Yes,Polestar,"Polestar 3",55735,50,"Range Anxiety"
EV00393,63,Male,98379,68.2,Low,Yes,NIO,ET5,53556,618,"Battery Life"
EV00394,40,Male,136288,20.2,Medium,No,Hyundai,"IONIQ 6",34605,312,"Resale Value"
EV00395,67,Female,82735,49.9,Low,Yes,Renault,Zoe,27608,292,"Resale Value"
EV00396,33,Female,65003,97,Medium,No,Kia,EV9,36810,44,"Charging Infrastructure"
EV00397,28,Male,92864,5,Medium,No,Rivian,R1S,76095,310,"Range Anxiety"
EV00398,49,Female,167638,26.8,Low,Yes,Chevrolet,"Bolt EUV",28183,284,"High Price"
EV00399,33,Male,92902,35.5,Low,Yes,Volvo,EX90,49919,28,"Battery Life"
EV00400,66,Female,79300,5,Low,Yes,Volkswagen,ID.4,27759,519,"Range Anxiety"
EV00401,49,Female,83083,20,Low,Yes,Kia,EV6,35148,508,"Range Anxiety"
EV00402,54,Female,101125,91.4,Low,No,Kia,EV9,30222,100,"High Price"
EV00403,53,Female,125126,52.8,Low,No,Tesla,"Model 3",51294,653,"Resale Value"
EV00404,56,Male,102351,80.3,Medium,No,BYD,Dolphin,14228,362,"High Price"
EV00405,68,Female,108147,5,Low,Yes,Hyundai,"Kona Electric",29950,562,"None/No Concern"
EV00406,30,Female,96272,113.9,Medium,No,Renault,"Kangoo E-Tech",42029,266,"Range Anxiety"
EV00407,67,Male,30000,68.8,Low,Yes,Chevrolet,"Bolt EV",32768,450,"Charging Infrastructure"
EV00408,27,Other,62809,24.9,Low,Yes,BYD,Seal,26568,98,"Range Anxiety"
EV00409,43,Female,133315,5,Low,No,Volvo,"C40 Recharge",51055,46,"None/No Concern"
EV00410,27,Male,107505,57.3,Medium,No,Tesla,"Model S",27363,785,"Resale Value"
EV00411,49,Male,108778,35,Low,No,Polestar,"Polestar 3",53723,65,"Charging Infrastructure"
EV00412,39,Female,40242,5,Low,No,BMW,i3,68715,381,"Range Anxiety"
EV00413,39,Female,90753,15.4,Low,Yes,Nissan,Ariya,14616,274,"Resale Value"
EV00414,39,Female,127868,45.8,Low,Yes,Tesla,"Model Y",26922,695,"Battery Life"
EV00415,52,Female,84640,57,Low,Yes,Volkswagen,ID.6,26856,358,"None/No Concern"
EV00416,29,Male,110770,51.2,Low,Yes,Audi,"Q4 e-tron",104490,393,"Resale Value"
EV00417,46,Male,155088,109.2,Low,Yes,Nissan,Ariya,14270,73,"Range Anxiety"
EV00418,63,Male,44546,21.3,Low,Yes,Tesla,Cybertruck,35311,504,"None/No Concern"
EV00419,67,Female,97126,31.5,Medium,Yes,Stellantis,"Opel Mokka-e",32635,391,"Resale Value"
EV00420,55,Female,128079,75.1,Low,Yes,Tesla,"Model S",50757,698,"Range Anxiety"
EV00421,49,Male,101467,61.3,Low,Yes,BMW,i3,42346,312,"High Price"
EV00422,40,Female,68762,66.2,Low,Yes,BMW,i3,51227,44,"Charging Infrastructure"
EV00423,26,Female,150385,25.9,Low,Yes,BYD,Tang,15694,640,"High Price"
EV00424,54,Male,91313,38.9,Medium,No,Chevrolet,"Bolt EV",26906,550,"High Price"
EV00425,62,Female,76871,60.3,Low,Yes,BYD,Han,14725,65,"None/No Concern"
EV00426,48,Other,114834,66.5,Low,Yes,Renault,"Kangoo E-Tech",26102,29,"Resale Value"
EV00427,27,Other,57821,5.7,Low,Yes,NIO,ET7,39706,66,"Resale Value"
EV00428,41,Female,125496,49.4,Low,Yes,Stellantis,"Fiat 500e",27726,536,"None/No Concern"
EV00429,50,Female,41017,14,Low,Yes,BYD,Seal,18255,590,"Charging Infrastructure"
EV00430,60,Male,79179,69.2,Medium,No,Volkswagen,ID.4,25900,63,"Range Anxiety"
EV00432,66,Male,169446,48.6,Low,Yes,Chevrolet,"Bolt EV",48710,56,"Range Anxiety"
EV00433,33,Male,56394,36.6,Low,No,Ford,E-Transit,26081,533,"Charging Infrastructure"
EV00434,51,Female,135186,17.3,Low,Yes,Audi,e-tron,73961,76,"Resale Value"
EV00435,48,Male,50425,67.5,Low,Yes,Stellantis,"Opel Mokka-e",24669,643,"Resale Value"
EV00437,50,Male,100223,36.4,Low,Yes,Nissan,Leaf,32480,424,"High Price"
EV00438,31,Female,30000,5,Low,Yes,Nissan,Ariya,31260,115,"High Price"
EV00439,58,Female,91889,21.1,Low,Yes,Mercedes-Benz,EQE,91035,356,"High Price"
EV00440,53,Female,58080,44.7,Low,Yes,BYD,Dolphin,15924,310,"Battery Life"
EV00441,41,Female,98376,53.8,Low,Yes,Nissan,Leaf,32681,109,"High Price"
EV00442,56,Male,90812,58.2,Low,Yes,Tesla,"Model Y",29908,700,"High Price"
EV00443,66,Male,138487,43.8,Low,Yes,Volkswagen,ID.6,27529,48,"None/No Concern"
EV00444,36,Female,57321,33.1,Medium,No,Audi,e-tron,73531,49,"High Price"
EV00445,47,Female,39229,13.4,Low,No,Renault,"Kangoo E-Tech",23164,373,"Resale Value"
EV00446,40,Male,178668,14.7,Low,Yes,Volkswagen,ID.3,30300,101,"Charging Time"
EV00447,56,Male,89915,75.3,Medium,Yes,Nissan,Ariya,40371,521,"Charging Infrastructure"
EV00448,52,Male,53170,14.2,Low,Yes,"Tata Motors","Tigor EV",19733,54,"Battery Life"
EV00449,44,Male,49610,35.4,Low,Yes,Volvo,EX90,56762,521,"High Price"
EV00450,30,Female,156760,30.2,Low,Yes,Rivian,R1S,72899,55,"High Price"
EV00451,26,Female,146892,12.8,Low,Yes,Tesla,Cybertruck,44406,56,"Range Anxiety"
EV00452,38,Female,107100,41.9,Low,Yes,Volkswagen,ID.6,42029,103,"Charging Time"
EV00453,48,Female,73646,47.7,Low,Yes,"MG Motor","MG ZS EV",27815,54,"Battery Life"
EV00454,53,Male,103307,5,Low,Yes,Nissan,Ariya,31011,578,"Battery Life"
EV00455,31,Male,59321,55.1,Medium,No,Renault,"Megane E-Tech",28788,363,"Range Anxiety"
EV00456,30,Male,81652,23.7,Low,No,Volkswagen,ID.Buzz,29531,95,"Charging Time"
EV00459,37,Male,133382,21.9,Low,Yes,"MG Motor","MG 4",15401,331,"Range Anxiety"
EV00460,51,Female,94308,22.3,Low,Yes,Hyundai,"Kona Electric",30783,383,"Charging Infrastructure"
EV00461,57,Female,65470,65.5,Medium,No,BMW,iX,103632,541,"Charging Infrastructure"
EV00462,48,Female,71968,22.2,Low,Yes,"MG Motor","MG 5",20591,234,"High Price"
EV00464,60,Male,38694,5,Low,Yes,Audi,"Q4 e-tron",50712,632,"None/No Concern"
EV00466,58,Male,59870,85.9,Low,Yes,Stellantis,"Fiat 500e",16268,564,"Charging Time"
EV00467,25,Male,63831,38.8,Low,Yes,Chevrolet,"Bolt EV",20240,301,"Battery Life"
EV00468,56,Female,146677,5,Low,Yes,BYD,Han,38101,616,"Charging Infrastructure"
EV00469,28,Male,102187,15.5,Low,Yes,Ford,"F-150 Lightning",43023,60,"Range Anxiety"
EV00470,49,Male,102183,5,Low,No,Hyundai,"Kona Electric",41847,416,"High Price"
EV00471,63,Male,30000,7.3,Medium,No,BMW,i4,32774,104,"Battery Life"
EV00472,54,Male,84190,123.5,High,No,Volkswagen,ID.4,45537,61,"Charging Infrastructure"
EV00473,56,Female,115953,49.7,Low,Yes,BMW,i4,47778,49,"Range Anxiety"
EV00474,49,Male,142270,5,Low,Yes,Ford,"F-150 Lightning",45592,448,"Range Anxiety"
EV00475,34,Other,84043,80.3,Low,Yes,Nissan,Ariya,25537,578,"Battery Life"
EV00476,56,Female,68204,60.6,Medium,No,Volkswagen,ID.6,42981,98,"High Price"
EV00477,38,Other,71095,15.3,Low,Yes,BMW,i3,67571,30,"Resale Value"
EV00478,60,Male,95079,57,Low,Yes,NIO,ET7,47749,303,"Resale Value"
EV00479,69,Female,98334,34.4,Low,Yes,Ford,"F-150 Lightning",46048,62,"Resale Value"
EV00480,27,Female,49648,46.5,Low,No,Kia,"Niro EV",60206,281,"High Price"
EV00481,42,Male,55125,116.4,Low,Yes,"MG Motor","MG 5",24145,218,"Battery Life"
EV00482,47,Female,151786,74,Medium,No,Hyundai,"IONIQ 6",38406,620,"Charging Time"
EV00483,55,Female,113948,51.2,Low,Yes,"Lucid Motors","Air Grand Touring",97305,605,"High Price"
EV00484,61,Female,73569,50,Low,Yes,Hyundai,"IONIQ 6",30685,268,"Charging Infrastructure"
EV00486,58,Male,117937,57.5,Low,Yes,Nissan,Ariya,29806,540,"Range Anxiety"
EV00487,65,Female,95235,81,Low,Yes,Nissan,Ariya,19708,337,"Charging Time"
EV00488,63,Other,86800,60.3,Low,Yes,Mercedes-Benz,EQA,74436,302,"High Price"
EV00489,53,Male,65619,44.9,Low,No,Renault,Zoe,16309,326,"Charging Infrastructure"
EV00490,29,Female,70595,29.5,Low,No,Audi,"e-tron GT",53432,393,"Charging Time"
EV00491,69,Female,57932,5,Low,Yes,Kia,EV9,40711,32,"Charging Infrastructure"
EV00492,62,Male,93680,51.4,Low,Yes,Tesla,Cybertruck,35896,660,"Range Anxiety"
EV00493,25,Female,57359,24.8,Low,Yes,"MG Motor","MG ZS EV",26880,286,"Charging Infrastructure"
EV00494,37,Male,54300,50.2,Low,Yes,Rivian,R1S,81303,594,"Battery Life"
EV00495,51,Female,123112,32.5,Low,No,Chevrolet,"Bolt EV",25998,22,"Charging Time"
EV00496,27,Male,71981,5,Low,Yes,Volkswagen,ID.3,28806,536,"Range Anxiety"
EV00498,62,Female,99336,48.6,Low,No,BMW,i3,44929,64,"High Price"
EV00499,69,Female,93572,41.6,Low,Yes,Renault,Zoe,15050,365,"None/No Concern"
EV00500,37,Male,78096,68.6,Low,Yes,BYD,"Atto 3",21736,102,"Battery Life"
EV00501,59,Male,81774,39.6,Low,Yes,Renault,"Kangoo E-Tech",30931,55,"None/No Concern"
EV00502,28,Female,53133,60.8,Low,No,Stellantis,"Jeep Avenger",24748,86,"High Price"
EV00503,57,Male,151628,26.5,Low,Yes,Ford,"Mustang Mach-E",51591,461,"Charging Infrastructure"
EV00505,68,Male,79039,43.9,Medium,No,Audi,e-tron,63075,53,"Range Anxiety"
EV00506,32,Male,95149,40.3,Low,Yes,Tesla,"Model Y",42213,711,"Resale Value"
EV00507,67,Male,65120,22.1,Low,Yes,BMW,iX,75055,426,"Battery Life"
EV00508,27,Female,98914,12.9,Low,No,NIO,EC6,33714,649,"Charging Time"
EV00509,34,Female,30000,36.3,Low,Yes,BMW,i4,92167,101,"High Price"
EV00510,30,Male,67762,41,Medium,No,Hyundai,"Kona Electric",53801,99,"High Price"
EV00511,51,Female,121345,18.5,Low,Yes,Ford,"F-150 Lightning",45610,95,"Battery Life"
EV00512,27,Female,42324,69.2,Low,Yes,BYD,Han,45974,63,"High Price"
EV00513,47,Male,38274,74.6,Low,Yes,"Tata Motors","Tigor EV",15223,249,"Range Anxiety"
EV00514,52,Female,200083,25.4,Low,No,"Tata Motors","Nexon EV",14795,29,"Resale Value"
EV00515,39,Other,155701,31.7,Low,No,Volkswagen,ID.6,60284,43,"High Price"
EV00516,35,Male,154904,37.8,High,No,Tesla,"Model S",59960,49,"High Price"
EV00517,28,Male,42782,41.1,Low,Yes,Tesla,"Model 3",37997,583,"Range Anxiety"
EV00519,61,Male,64511,28.4,Low,Yes,Kia,"Niro EV",26265,396,"Charging Time"
EV00520,66,Female,102245,26.1,Low,No,BMW,i4,63905,86,"Range Anxiety"
EV00521,43,Female,143397,70.2,Low,Yes,Tesla,Cybertruck,49416,804,"Battery Life"
EV00522,62,Male,56892,5,Low,Yes,Chevrolet,"Bolt EUV",34516,33,"Battery Life"
EV00523,43,Male,134325,72.1,Low,Yes,Stellantis,"Fiat 500e",25530,557,"High Price"
EV00524,27,Female,67341,59.9,Low,Yes,BYD,Dolphin,31344,258,"Range Anxiety"
EV00525,58,Female,97151,63.9,Low,Yes,"MG Motor","MG 4",11222,38,"None/No Concern"
EV00526,45,Female,143922,43.9,Medium,No,Chevrolet,"Bolt EV",24883,36,"Charging Time"
EV00527,34,Male,46346,6.4,Low,Yes,Stellantis,"Opel Mokka-e",34299,554,"Battery Life"
EV00529,65,Other,83713,24.4,Low,Yes,BYD,"Atto 3",31059,361,"Range Anxiety"
EV00530,38,Other,149408,68.4,Medium,No,Kia,EV6,32924,420,"Charging Infrastructure"
EV00531,63,Female,85079,25.5,Low,Yes,Hyundai,"IONIQ 5",29960,518,"Range Anxiety"
EV00532,56,Female,188839,61.7,Medium,No,Hyundai,"Kona Electric",37592,620,"Range Anxiety"
EV00533,41,Female,133358,11.6,Low,No,Hyundai,"Kona Electric",19983,436,"Range Anxiety"
EV00534,63,Male,61541,24.6,Medium,No,Rivian,R1S,53006,31,"Range Anxiety"
EV00535,48,Male,120437,73.6,Low,Yes,"MG Motor","MG 4",16597,68,"Charging Time"
EV00536,33,Male,181126,27.9,Medium,No,Rivian,R1S,64170,301,"Charging Time"
EV00537,39,Male,99325,35.9,Low,No,BMW,i4,62089,522,"Battery Life"
EV00538,44,Male,113129,67.8,Medium,No,Chevrolet,"Bolt EUV",31340,69,"Resale Value"
EV00539,51,Female,82460,29.2,Low,Yes,Audi,e-tron,74227,321,"None/No Concern"
EV00540,66,Other,75363,73.6,Low,Yes,BYD,Han,20705,644,"Resale Value"
EV00541,45,Female,78255,25.9,Low,Yes,Tesla,"Model 3",50906,78,"Range Anxiety"
EV00542,39,Female,85051,35.3,Medium,No,Volvo,"C40 Recharge",41576,285,"Resale Value"
EV00543,67,Male,93544,11.9,Low,No,BYD,Seal,28715,75,"Charging Infrastructure"
EV00544,69,Female,99757,28.2,Low,Yes,Volkswagen,ID.Buzz,36731,76,"Resale Value"
EV00545,31,Female,88412,5,Medium,No,"Tata Motors","Tigor EV",7551,310,"High Price"
EV00546,54,Other,125419,35.9,Medium,No,"Tata Motors","Tigor EV",10857,233,"High Price"
EV00547,67,Male,41126,67,Low,Yes,BYD,Han,23710,418,"Charging Infrastructure"
EV00548,47,Male,62211,85.3,Medium,No,Volvo,"XC40 Recharge",44614,624,"Resale Value"
EV00549,28,Male,72805,30,Low,No,Hyundai,"Kona Electric",44327,119,"Battery Life"
EV00550,33,Male,88108,44.4,Medium,No,BYD,Han,30668,25,"High Price"
EV00551,62,Female,80871,47.8,Low,Yes,Tesla,"Model Y",38974,82,"Battery Life"
EV00552,31,Female,126891,28.5,Low,Yes,BMW,i3,62545,51,"Charging Infrastructure"
EV00553,64,Male,117475,81.7,Medium,No,Nissan,Leaf,28579,45,"None/No Concern"
EV00554,30,Female,75582,37.5,Low,Yes,BMW,i7,57142,497,"High Price"
EV00555,65,Male,90597,46.7,Low,Yes,Hyundai,"IONIQ 6",50891,420,"High Price"
EV00557,37,Male,53192,58.5,Low,No,Volkswagen,ID.3,24300,41,"None/No Concern"
EV00558,31,Female,147199,40.1,Low,Yes,Stellantis,"Opel Mokka-e",28383,65,"Charging Infrastructure"
EV00559,30,Female,106431,63.9,Low,Yes,Kia,EV6,32041,346,"Range Anxiety"
EV00561,33,Male,78897,5,Low,Yes,BMW,iX,73908,408,"Battery Life"
EV00562,68,Male,85462,5.8,Low,Yes,Nissan,Ariya,38498,512,"Range Anxiety"
EV00563,53,Male,30000,46.3,Low,Yes,Tesla,"Model 3",33289,612,"Battery Life"
EV00565,67,Male,99247,47,Low,Yes,Chevrolet,"Silverado EV",32439,109,"Charging Infrastructure"
EV00567,64,Male,93922,52.7,Medium,No,BYD,Seal,28152,45,"High Price"
EV00568,63,Male,52886,61.9,Medium,No,BYD,Dolphin,25729,294,"High Price"
EV00569,66,Male,43248,38.5,Low,Yes,Mercedes-Benz,EQB,121140,250,"Range Anxiety"
EV00570,59,Male,72637,23.8,Low,Yes,Volkswagen,ID.4,42868,296,"Charging Time"
EV00571,41,Male,61515,34.4,Low,No,"Tata Motors","Nexon EV",17042,41,"Battery Life"
EV00572,54,Female,186488,50.7,Low,Yes,Hyundai,"Kona Electric",24970,28,"None/No Concern"
EV00573,41,Male,86436,84.1,Medium,No,BMW,i7,66711,267,"Resale Value"
EV00574,62,Female,96968,50.5,Low,No,Ford,"Mustang Mach-E",26532,54,"Battery Life"
EV00575,64,Male,39412,23.2,Low,Yes,Nissan,Leaf,22306,261,"Range Anxiety"
EV00576,66,Male,30000,64.9,Medium,No,Kia,"Niro EV",42969,296,"Resale Value"
EV00577,65,Male,112357,69.1,Low,Yes,Hyundai,"Kona Electric",31089,518,"High Price"
EV00578,33,Other,89376,74.4,Low,No,Polestar,"Polestar 3",49926,636,"Range Anxiety"
EV00580,47,Male,107490,16.2,Low,Yes,Volkswagen,ID.Buzz,46713,626,"None/No Concern"
EV00581,67,Male,36350,32.3,Low,Yes,Tesla,Cybertruck,29306,778,"Resale Value"
EV00582,63,Male,49270,44.9,Low,Yes,Rivian,R1T,53076,522,"None/No Concern"
EV00583,63,Male,104732,46.2,Low,Yes,Audi,e-tron,70316,85,"Range Anxiety"
EV00584,41,Other,94763,55,Low,Yes,Mercedes-Benz,EQS,43840,365,"Range Anxiety"
EV00585,42,Male,30000,57.7,Low,Yes,NIO,ET5,46368,566,"Range Anxiety"
EV00586,47,Male,73842,15.9,Low,No,Stellantis,"Opel Mokka-e",32109,590,"High Price"
EV00587,40,Female,78274,34.7,Low,Yes,Ford,E-Transit,47268,22,"Range Anxiety"
EV00588,43,Male,91603,75.1,Low,Yes,Stellantis,"Fiat 500e",16763,76,"Range Anxiety"
EV00589,62,Female,67941,74,Low,No,Volkswagen,ID.4,30998,58,"Battery Life"
EV00590,27,Other,30000,40.9,Medium,No,Volvo,"XC40 Recharge",41305,109,"Charging Infrastructure"
EV00591,27,Female,35856,14.3,Low,No,Nissan,Ariya,11599,427,"Charging Infrastructure"
EV00592,56,Other,84427,37.1,Low,Yes,Kia,EV6,27877,318,"Resale Value"
EV00593,39,Female,155116,16.1,Low,Yes,Kia,EV9,41582,261,"Charging Time"
EV00594,31,Male,111132,32.1,Low,Yes,BYD,Dolphin,29906,107,"High Price"
EV00595,65,Male,99853,46.3,Low,Yes,Tesla,"Model S",38300,792,"Range Anxiety"
EV00596,30,Male,83207,31.9,Low,Yes,BYD,Seal,23444,100,"Charging Infrastructure"
EV00597,59,Male,73361,39,Low,No,Volkswagen,ID.3,35569,303,"Range Anxiety"
EV00598,56,Male,94575,28.8,Low,Yes,BMW,iX,55549,62,"High Price"
EV00599,29,Female,53786,67.1,Low,Yes,Kia,EV9,44947,105,"Battery Life"
EV00600,31,Female,53217,39,Low,Yes,Tesla,"Model X",49428,81,"Charging Infrastructure"
EV00601,45,Male,66983,46,Low,Yes,Kia,EV9,40614,344,"High Price"
EV00602,43,Male,64973,48.9,High,No,Nissan,Leaf,22874,642,"Resale Value"
EV00603,27,Female,30000,44,Low,Yes,Stellantis,"Opel Mokka-e",23892,111,"Charging Infrastructure"
EV00604,48,Female,132670,14.1,Low,Yes,Hyundai,"IONIQ 6",30471,44,"Battery Life"
EV00605,48,Female,65525,70.6,Medium,No,Audi,"Q4 e-tron",82963,89,"Resale Value"
EV00606,62,Female,118904,54,Low,Yes,Audi,"Q4 e-tron",67080,626,"Resale Value"
EV00608,31,Male,95812,35.6,Medium,No,BYD,Dolphin,12854,277,"Charging Time"
EV00609,64,Female,86449,41.6,Low,Yes,BYD,"Atto 3",30064,44,"Resale Value"
EV00610,54,Male,68043,80.2,High,No,Nissan,Leaf,36329,22,"Battery Life"
EV00611,58,Male,105787,37.4,Low,Yes,Stellantis,"Opel Mokka-e",40134,501,"High Price"
EV00612,43,Female,55197,43,Low,Yes,Kia,"Niro EV",42000,483,"Charging Infrastructure"
EV00613,25,Female,40848,64.9,High,No,BYD,Dolphin,26193,24,"Battery Life"
EV00614,26,Male,37821,60.3,Low,Yes,Mercedes-Benz,EQE,68474,588,"Resale Value"
EV00615,35,Male,30000,53.7,Low,Yes,"MG Motor","MG 4",27049,253,"Range Anxiety"
EV00616,47,Male,30000,33.9,Low,Yes,Volkswagen,ID.Buzz,18771,55,"Resale Value"
EV00617,27,Female,30000,78.6,Medium,No,Kia,EV9,38088,291,"High Price"
EV00620,58,Male,117413,42.6,Low,Yes,BYD,Seal,20522,49,"Range Anxiety"
EV00621,40,Male,85332,45.7,Low,No,Mercedes-Benz,EQA,75786,625,"Range Anxiety"
EV00622,67,Male,171971,22.8,Low,Yes,Rivian,R1T,75886,79,"Range Anxiety"
EV00623,32,Male,38174,38,Low,No,Rivian,R1S,74515,349,"Range Anxiety"
EV00624,26,Female,80200,49.1,Low,Yes,Hyundai,"IONIQ 6",46606,85,"Resale Value"
EV00625,29,Female,45123,69.4,Low,Yes,Tesla,"Model 3",31037,743,"None/No Concern"
EV00626,67,Male,54268,80.5,High,No,Mercedes-Benz,EQS,121157,112,"Resale Value"
EV00627,64,Female,56805,43.7,Low,No,Nissan,Ariya,16252,112,"Battery Life"
EV00628,26,Female,127423,5,Low,No,Tesla,"Model Y",49022,742,"Battery Life"
EV00629,30,Female,63441,24.9,Low,Yes,BYD,Seal,12151,93,"High Price"
EV00630,28,Male,30000,33.4,Low,Yes,Rivian,R1S,72167,102,"None/No Concern"
EV00631,53,Male,63254,38,Medium,No,Hyundai,"IONIQ 5",63163,280,"Battery Life"
EV00632,27,Female,88670,48,Low,Yes,Mercedes-Benz,EQB,110747,489,"None/No Concern"
EV00633,52,Female,79786,46.6,Low,No,Rivian,R1T,70273,276,"None/No Concern"
EV00634,39,Male,154059,52.2,Low,Yes,Kia,EV6,25648,452,"Charging Infrastructure"
EV00635,37,Female,47920,69.6,Medium,No,Audi,e-tron,103853,73,"Charging Infrastructure"
EV00636,29,Female,85667,5,Medium,No,Rivian,R1S,61490,78,"Range Anxiety"
EV00638,38,Female,112422,34.3,Low,Yes,"MG Motor","MG 4",23631,99,"High Price"
EV00639,43,Female,85292,17.4,Low,No,Hyundai,"IONIQ 5",48476,588,"Battery Life"
EV00640,61,Male,95892,68.1,Low,Yes,Tesla,"Model Y",45833,91,"High Price"
EV00641,29,Male,50395,55.6,Low,No,NIO,ES6,53468,41,"None/No Concern"
EV00642,50,Female,52265,41.7,Low,Yes,Hyundai,"IONIQ 6",35253,494,"Charging Infrastructure"
EV00643,47,Male,155970,47.8,Low,Yes,Mercedes-Benz,EQB,97736,505,"High Price"
EV00644,65,Male,63828,116,Low,No,Volvo,"XC40 Recharge",39852,83,"Battery Life"
EV00645,32,Male,84657,7.9,Low,No,Kia,"Niro EV",46251,464,"Charging Infrastructure"
EV00646,67,Other,107147,16.1,Low,No,Chevrolet,"Bolt EUV",41482,467,"Charging Infrastructure"
EV00647,27,Female,91553,35.4,Low,No,Mercedes-Benz,EQS,60755,539,"Resale Value"
EV00648,44,Male,95160,49,Low,Yes,Nissan,Ariya,17826,331,"High Price"
EV00649,44,Female,84233,37.2,Low,Yes,Nissan,Leaf,34005,70,"Range Anxiety"
EV00650,29,Female,147596,84.4,Medium,No,"Tata Motors","Tiago EV",17153,246,"Resale Value"
EV00651,68,Female,44040,34.5,Low,Yes,BYD,Han,27133,116,"Range Anxiety"
EV00652,50,Male,87558,85.3,High,No,"MG Motor","MG ZS EV",14669,114,"Charging Time"
EV00653,41,Male,85132,47.5,Medium,No,Chevrolet,"Bolt EUV",46631,106,"Battery Life"
EV00654,26,Female,41767,7,Low,Yes,Audi,"e-tron GT",68686,272,"None/No Concern"
EV00655,27,Female,68691,43.6,Low,Yes,NIO,EC6,32882,458,"Battery Life"
EV00657,62,Male,102259,61,Medium,No,Volkswagen,ID.3,45639,383,"High Price"
EV00659,49,Other,111342,19.6,Low,Yes,Polestar,"Polestar 3",50804,388,"Charging Infrastructure"
EV00660,45,Male,96593,92.3,High,No,Hyundai,"Kona Electric",32314,536,"Range Anxiety"
EV00661,42,Male,96355,46.6,Low,Yes,Tesla,"Model X",19171,564,"Range Anxiety"
EV00662,46,Female,121660,10.4,Low,Yes,NIO,ES6,25265,94,"Charging Infrastructure"
EV00663,58,Female,30000,13.6,Low,Yes,Volkswagen,ID.Buzz,27901,315,"Charging Infrastructure"
EV00664,66,Male,98803,73.2,Low,Yes,Hyundai,"IONIQ 6",37307,255,"Battery Life"
EV00665,69,Male,30000,34.5,Low,No,Volkswagen,ID.4,33361,586,"None/No Concern"
EV00666,61,Male,107621,53.3,Low,Yes,Tesla,Cybertruck,45392,58,"Charging Infrastructure"
EV00667,63,Female,59758,44.3,Low,No,Volkswagen,ID.Buzz,22790,411,"None/No Concern"
EV00668,54,Female,98225,25.1,Low,Yes,BYD,Dolphin,1720,329,"Charging Infrastructure"
EV00669,57,Male,41632,26,Low,Yes,Tesla,Cybertruck,34064,97,"Range Anxiety"
EV00670,30,Male,133907,13.8,Low,Yes,Tesla,"Model X",33707,97,"Charging Infrastructure"
EV00671,37,Other,71174,73.3,Low,Yes,Audi,"e-tron GT",74507,275,"Charging Infrastructure"
EV00672,44,Female,92577,40.9,Medium,No,BYD,Tang,35840,497,"High Price"
EV00673,58,Male,87683,6.6,Low,Yes,Rivian,R1S,76576,61,"High Price"
EV00674,37,Male,53081,71.6,Low,Yes,Nissan,Ariya,22679,383,"Range Anxiety"
EV00675,66,Female,111748,16.2,Low,No,Ford,"Mustang Mach-E",28774,283,"High Price"
EV00676,46,Male,33757,51.7,Low,Yes,"Tata Motors","Tiago EV",1708,69,"Charging Infrastructure"
EV00677,45,Male,58781,5,Low,Yes,Volkswagen,ID.Buzz,46715,522,"High Price"
EV00678,38,Male,96322,12.1,Low,No,Chevrolet,"Silverado EV",30980,468,"High Price"
EV00679,60,Female,69202,25.1,Low,Yes,Tesla,"Model X",59040,629,"Charging Infrastructure"
EV00680,29,Male,30000,45.8,Low,Yes,Stellantis,"Opel Mokka-e",24020,55,"Charging Time"
EV00681,44,Female,78012,34.5,Low,Yes,Volkswagen,ID.Buzz,35868,291,"High Price"
EV00682,66,Female,49450,16.3,Low,Yes,Nissan,Leaf,13821,43,"High Price"
EV00683,64,Male,188549,69.3,Medium,No,Hyundai,"IONIQ 5",41574,36,"None/No Concern"
EV00684,36,Female,30000,62.8,Medium,Yes,Nissan,Leaf,31994,322,"Charging Infrastructure"
EV00685,64,Male,106439,33.4,Low,Yes,BYD,Seal,26525,642,"None/No Concern"
EV00686,53,Other,70908,36.4,Medium,No,"Tata Motors","Nexon EV",17039,235,"Resale Value"
EV00687,59,Male,60218,53.9,Low,Yes,Rivian,R1T,58723,34,"High Price"
EV00688,62,Male,146538,20.7,Low,No,Tesla,"Model 3",45505,495,"None/No Concern"
EV00689,36,Female,144676,50.7,Low,Yes,BYD,Seal,10952,621,"High Price"
EV00691,44,Male,147480,33.9,Low,No,Mercedes-Benz,EQS,60990,272,"High Price"
EV00692,50,Female,61924,15.5,Low,No,Mercedes-Benz,EQS,82880,481,"Resale Value"
EV00693,57,Female,130118,98.8,Low,Yes,BYD,Seal,32947,64,"Charging Infrastructure"
EV00694,65,Female,32236,5,Medium,No,BYD,Tang,24029,269,"Range Anxiety"
EV00696,52,Male,69148,9.4,Low,Yes,Ford,"Mustang Mach-E",28872,486,"Range Anxiety"
EV00697,55,Male,107814,55,Low,Yes,Ford,E-Transit,44050,55,"Charging Infrastructure"
EV00698,53,Male,107293,39.5,Low,Yes,Hyundai,"Kona Electric",49210,491,"Resale Value"
EV00699,47,Female,111390,48.3,Low,Yes,Kia,EV6,39351,615,"Charging Time"
EV00700,35,Male,98239,38.3,Low,No,Tesla,"Model Y",50607,68,"High Price"
EV00701,42,Female,101226,84.6,Low,Yes,Hyundai,"IONIQ 5",32981,620,"None/No Concern"
EV00702,30,Female,105817,80.6,Low,Yes,Tesla,Cybertruck,40201,106,"High Price"
EV00703,46,Male,81562,21.3,Low,Yes,BMW,i3,47684,110,"Battery Life"
EV00704,29,Male,78941,48.9,Low,No,Volkswagen,ID.6,46522,380,"Battery Life"
EV00705,30,Male,30000,49.7,Low,Yes,Volkswagen,ID.Buzz,43028,56,"Range Anxiety"
EV00706,54,Male,84748,5,Low,Yes,Hyundai,"IONIQ 6",27342,93,"High Price"
EV00707,66,Female,101888,50.5,Medium,No,BYD,Tang,15589,269,"Charging Infrastructure"
EV00708,63,Female,68868,20.2,Low,Yes,Renault,"Kangoo E-Tech",25133,267,"High Price"
EV00709,47,Male,81105,62.2,Medium,No,BYD,"Atto 3",20998,546,"Range Anxiety"
EV00710,35,Female,79043,9.5,Low,Yes,Hyundai,"Kona Electric",40762,433,"Charging Infrastructure"
EV00711,26,Male,67819,37.5,Low,Yes,BYD,Seal,14100,300,"Charging Infrastructure"
EV00712,38,Female,79890,18.6,Low,Yes,BMW,i3,76141,114,"Charging Infrastructure"
EV00713,33,Male,40892,44.4,Medium,No,Tesla,"Model Y",32467,53,"Range Anxiety"
EV00714,51,Female,69054,19.5,Low,Yes,Kia,EV9,44715,253,"Charging Infrastructure"
EV00715,41,Male,103884,34.8,Low,Yes,Audi,"e-tron GT",68769,480,"Range Anxiety"
EV00716,25,Female,89609,56.1,Low,Yes,Chevrolet,"Silverado EV",36653,52,"Resale Value"
EV00717,42,Female,106085,33.4,Low,Yes,Renault,"Megane E-Tech",46427,220,"Charging Infrastructure"
EV00718,45,Female,91687,22.2,Low,Yes,BMW,i4,57767,54,"High Price"
EV00719,27,Female,148268,28.9,Low,Yes,Renault,"Kangoo E-Tech",29965,99,"Charging Time"
EV00720,45,Female,71973,66.2,Medium,No,Stellantis,"Opel Mokka-e",16258,352,"Range Anxiety"
EV00721,63,Male,113137,42.7,Low,Yes,Polestar,"Polestar 2",30830,38,"Charging Infrastructure"
EV00722,55,Male,73597,32.8,Medium,No,BYD,Tang,23802,641,"Range Anxiety"
EV00723,51,Female,41173,23.2,Low,Yes,Volkswagen,ID.4,42562,535,"Charging Infrastructure"
EV00724,49,Female,34942,42.4,Low,Yes,Nissan,Ariya,15114,450,"Charging Infrastructure"
EV00725,46,Male,93586,5,Low,Yes,Kia,EV6,52290,109,"Charging Infrastructure"
EV00726,63,Female,58519,47.7,Low,Yes,Rivian,R1S,74460,54,"Range Anxiety"
EV00727,35,Male,98754,30.1,Low,Yes,BMW,i3,64368,113,"Charging Time"
EV00728,57,Male,146435,37.5,Low,Yes,Renault,"Megane E-Tech",28380,67,"Charging Infrastructure"
EV00729,44,Male,30000,51.8,Medium,No,NIO,EC6,44744,95,"Range Anxiety"
EV00730,38,Other,82436,52.1,Medium,Yes,BYD,Han,24389,80,"Battery Life"
EV00731,30,Female,72135,69.5,Medium,No,Tesla,"Model 3",52061,83,"Resale Value"
EV00732,31,Male,32979,14.5,Low,No,Volkswagen,ID.Buzz,39033,373,"Range Anxiety"
EV00733,52,Male,71332,25.3,Low,Yes,Volvo,EX90,46416,543,"High Price"
EV00734,53,Male,64103,58.3,Medium,No,Tesla,"Model S",42436,464,"High Price"
EV00735,31,Male,50896,52,Low,No,BMW,i3,42376,108,"Charging Time"
EV00736,66,Female,88310,15.4,Low,Yes,Audi,"Q4 e-tron",86378,330,"Charging Time"
EV00737,58,Female,56734,67.6,Low,Yes,BMW,i4,73695,603,"Charging Time"
EV00738,32,Female,30000,19.9,Low,Yes,Kia,"Niro EV",30234,332,"High Price"
EV00739,48,Female,77067,33.9,Low,Yes,NIO,ET5,39415,39,"Battery Life"
EV00740,51,Male,49346,33.2,Low,Yes,Ford,"Mustang Mach-E",38477,112,"None/No Concern"
EV00742,46,Male,30000,75.5,Medium,No,Volvo,"XC40 Recharge",54038,332,"Battery Life"
EV00743,64,Female,89051,42.5,Low,Yes,BYD,Dolphin,25413,254,"Range Anxiety"
EV00744,40,Female,74862,51.8,Low,Yes,BYD,Seal,35194,618,"Battery Life"
EV00745,25,Male,81951,47.4,Low,Yes,"Lucid Motors","Air Grand Touring",90984,729,"Charging Infrastructure"
EV00746,66,Male,30000,55.3,Medium,No,Tesla,"Model 3",35344,76,"Range Anxiety"
EV00747,27,Female,106111,34.5,Low,Yes,Nissan,Leaf,21886,119,"None/No Concern"
EV00748,47,Male,72991,22.7,Low,Yes,Ford,"Mustang Mach-E",27840,43,"Charging Infrastructure"
EV00749,44,Female,140560,31.3,Low,Yes,Polestar,"Polestar 3",38641,261,"Charging Infrastructure"
EV00750,64,Male,74541,34.7,Low,No,Tesla,"Model 3",33551,22,"Range Anxiety"
EV00751,38,Female,133134,39.3,Low,Yes,Hyundai,"IONIQ 6",66267,501,"Range Anxiety"
EV00752,30,Other,67070,32.2,Low,Yes,BYD,"Atto 3",27749,458,"Range Anxiety"
EV00753,69,Other,160772,29.1,Low,Yes,Nissan,Ariya,28227,22,"High Price"
EV00754,40,Male,30000,54.4,Low,Yes,Chevrolet,"Bolt EV",34785,315,"Charging Time"
EV00755,36,Male,125088,48.3,Medium,No,Hyundai,"Kona Electric",48017,104,"Charging Infrastructure"
EV00756,31,Male,30000,24.4,Low,Yes,Volvo,"C40 Recharge",53680,30,"Charging Time"
EV00757,61,Male,103664,64.2,Low,No,Audi,e-tron,66974,68,"Charging Infrastructure"
EV00758,37,Female,126744,52.6,Low,Yes,BYD,Han,22343,469,"Resale Value"
EV00759,38,Male,46543,12.3,Low,No,Nissan,Ariya,18826,36,"Range Anxiety"
EV00760,54,Male,95212,96.8,Low,Yes,Rivian,R1T,75787,100,"Charging Time"
EV00761,46,Female,115317,70.3,Low,Yes,Stellantis,"Opel Mokka-e",46400,56,"Range Anxiety"
EV00762,68,Male,131577,5,Low,Yes,Rivian,R1S,66594,110,"Range Anxiety"
EV00763,53,Male,91988,103.9,High,No,Volkswagen,ID.4,40692,418,"Range Anxiety"
EV00764,45,Male,100545,16.3,Low,Yes,Mercedes-Benz,EQA,96112,48,"Charging Time"
EV00765,31,Female,62670,18.3,Low,Yes,Stellantis,"Fiat 500e",41691,304,"Range Anxiety"
EV00766,39,Male,96538,83.7,Medium,No,Rivian,R1T,66877,88,"Charging Infrastructure"
EV00767,44,Male,121749,58.5,Low,Yes,Volvo,EX90,52948,594,"High Price"
EV00768,40,Female,53838,28.7,Low,Yes,Chevrolet,"Bolt EV",45331,103,"Battery Life"
EV00769,68,Male,98242,72.7,Low,Yes,Tesla,"Model S",42702,88,"Range Anxiety"
EV00770,58,Female,66291,58.3,Low,No,BYD,Tang,26952,339,"High Price"
EV00771,58,Male,113851,41.2,Low,Yes,"MG Motor","MG ZS EV",26324,275,"Charging Infrastructure"
EV00772,36,Female,100067,66.3,Low,No,Tesla,Cybertruck,54499,472,"Range Anxiety"
EV00773,65,Male,100317,79.6,Low,No,Volkswagen,ID.Buzz,31011,551,"Range Anxiety"
EV00774,69,Male,128072,63.1,Low,Yes,Polestar,"Polestar 3",60359,76,"Battery Life"
EV00775,68,Female,107925,75.3,Medium,No,Chevrolet,"Bolt EUV",39016,51,"High Price"
EV00776,54,Female,92749,41.1,Low,Yes,Nissan,Leaf,34694,113,"Resale Value"
EV00777,28,Female,53551,9.3,Low,Yes,Tesla,Cybertruck,30141,628,"Resale Value"
EV00778,64,Male,50395,10.5,Low,No,BYD,Dolphin,26468,44,"Range Anxiety"
EV00779,38,Male,87836,36.1,Low,No,Audi,"e-tron GT",79450,278,"Battery Life"
EV00781,28,Male,96517,76,Low,Yes,Tesla,Cybertruck,43191,113,"Charging Infrastructure"
EV00782,57,Male,137541,21.1,Low,Yes,BYD,Seal,20879,404,"Resale Value"
EV00783,33,Male,66839,19.9,Low,Yes,BYD,Tang,13764,424,"Range Anxiety"
EV00784,34,Male,107798,46.6,Low,Yes,Hyundai,"Kona Electric",44581,624,"Resale Value"
EV00785,38,Female,139785,68.9,Low,Yes,Volkswagen,ID.6,32834,345,"Battery Life"
EV00786,40,Male,86903,24.9,Low,Yes,BYD,"Atto 3",21908,433,"Charging Infrastructure"
EV00787,30,Male,100878,42.9,Low,Yes,Stellantis,"Opel Mokka-e",30596,40,"Charging Infrastructure"
EV00788,58,Female,40640,20.1,Low,Yes,Stellantis,"Jeep Avenger",33310,391,"Range Anxiety"
EV00789,54,Male,64626,42.9,Low,Yes,Volkswagen,ID.Buzz,38090,89,"Charging Infrastructure"
EV00790,40,Female,52251,59,Medium,No,Tesla,"Model X",36653,640,"High Price"
EV00791,50,Other,75904,35.7,Low,Yes,Chevrolet,"Silverado EV",35398,51,"Resale Value"
EV00792,61,Male,94236,13.8,Low,Yes,Tesla,"Model X",36425,48,"Resale Value"
EV00793,68,Male,96803,55.6,Low,Yes,Hyundai,"Kona Electric",62845,429,"Battery Life"
EV00795,29,Female,97630,46.8,Low,Yes,Tesla,"Model X",40759,87,"Range Anxiety"
EV00796,69,Female,119322,54.4,Low,No,Volvo,EX90,37714,103,"High Price"
EV00797,30,Male,93729,30.1,Low,Yes,Tesla,"Model 3",62506,38,"Charging Time"
EV00798,66,Female,86844,35.3,Low,Yes,Renault,"Kangoo E-Tech",19429,267,"Charging Infrastructure"
EV00799,66,Male,119835,28.6,Low,Yes,Nissan,Ariya,37821,51,"High Price"
EV00800,39,Male,67778,19.2,Medium,No,BMW,i4,55267,315,"Charging Infrastructure"
EV00801,28,Male,75888,35.9,Low,Yes,Polestar,"Polestar 3",58918,325,"High Price"
EV00802,25,Female,72768,36,Low,No,"Tata Motors","Tigor EV",13554,306,"Range Anxiety"
EV00803,48,Female,71121,36.2,Medium,No,Renault,"Megane E-Tech",21455,355,"Range Anxiety"
EV00804,41,Male,106993,76.1,Low,Yes,Stellantis,"Jeep Avenger",22000,62,"Range Anxiety"
EV00806,45,Male,150089,37.5,Low,Yes,"Tata Motors","Tigor EV",14961,59,"Range Anxiety"
EV00807,49,Female,96727,63.1,Medium,No,Kia,"Niro EV",36354,42,"Battery Life"
EV00808,65,Male,46893,61.5,Medium,No,Volkswagen,ID.6,28306,62,"Range Anxiety"
EV00809,50,Female,58259,48.3,Low,Yes,Tesla,"Model 3",23340,104,"High Price"
EV00810,65,Male,111593,25.3,Low,Yes,Tesla,"Model 3",46287,60,"Charging Time"
EV00811,35,Male,166757,45.7,Low,No,Audi,"e-tron GT",56045,353,"High Price"
EV00812,39,Female,79750,43.7,Low,Yes,BYD,Seal,28254,54,"None/No Concern"
EV00813,58,Female,103079,41.6,Low,Yes,Kia,EV9,41437,605,"Charging Time"
EV00814,26,Male,143438,35.7,Medium,No,Chevrolet,"Silverado EV",23400,99,"Resale Value"
EV00815,33,Female,101725,27,Low,Yes,BYD,Dolphin,18862,70,"Charging Infrastructure"
EV00816,39,Male,55532,55.1,Medium,No,Hyundai,"IONIQ 5",34135,473,"High Price"
EV00817,62,Female,90674,47.8,Medium,No,Tesla,"Model S",46418,830,"High Price"
EV00818,53,Female,109211,30.8,Low,No,Polestar,"Polestar 3",49327,51,"Battery Life"
EV00819,41,Male,91728,17.1,Low,Yes,Stellantis,"Opel Mokka-e",23481,84,"Charging Time"
EV00820,42,Male,107418,20.9,Low,Yes,Hyundai,"Kona Electric",39944,257,"None/No Concern"
EV00821,52,Male,121075,44.1,Low,Yes,Nissan,Ariya,34245,404,"Charging Time"
EV00822,58,Male,33144,18.4,Medium,No,Kia,EV6,35159,542,"Range Anxiety"
EV00823,39,Male,76495,50.2,Low,Yes,Ford,"Mustang Mach-E",45017,453,"Resale Value"
EV00824,46,Female,120518,5,Medium,No,Tesla,"Model Y",47633,103,"Charging Infrastructure"
EV00825,50,Female,92642,25.6,Low,Yes,BYD,Seal,16185,596,"Charging Infrastructure"
EV00826,57,Male,145403,31.5,Low,No,Rivian,R1S,73848,39,"Charging Infrastructure"
EV00827,61,Male,140587,13.4,Low,Yes,Rivian,R1T,90078,264,"Charging Infrastructure"
EV00828,25,Male,103229,116.1,Low,Yes,Nissan,Leaf,23845,51,"Range Anxiety"
EV00829,45,Female,58652,77.6,Low,Yes,Nissan,Ariya,19257,266,"Resale Value"
EV00830,31,Female,165093,63.6,Low,No,Volkswagen,ID.3,35834,91,"High Price"
EV00831,37,Female,95106,16.9,Low,No,NIO,ET7,56270,349,"Range Anxiety"
EV00832,56,Male,105071,47.4,Low,No,Stellantis,"Jeep Avenger",29973,43,"Range Anxiety"
EV00833,68,Male,79234,5,Low,Yes,Tesla,Cybertruck,70499,760,"High Price"
EV00834,55,Male,75891,35.7,Low,Yes,BMW,i4,58291,58,"Resale Value"
EV00835,65,Male,86844,66.9,Low,Yes,"Lucid Motors","Air Pure",98981,35,"Resale Value"
EV00837,49,Male,151110,56.4,Low,No,BYD,"Atto 3",28007,383,"High Price"
EV00838,61,Female,30000,56.8,Low,Yes,Hyundai,"Kona Electric",44565,629,"Charging Infrastructure"
EV00839,34,Male,30000,5,Low,Yes,Tesla,"Model X",43976,469,"None/No Concern"
EV00840,40,Male,72570,14.8,Low,No,Hyundai,"Kona Electric",45808,439,"Charging Infrastructure"
EV00841,35,Female,30000,5,Low,Yes,Nissan,Ariya,34740,50,"Charging Time"
EV00842,55,Male,41365,23.3,Low,Yes,Ford,E-Transit,43641,22,"Charging Time"
EV00843,31,Female,94660,55.1,Medium,No,Volkswagen,ID.3,25566,604,"High Price"
EV00844,67,Male,70893,49.5,Low,Yes,Nissan,Ariya,24298,506,"Charging Infrastructure"
EV00845,51,Female,101720,46.8,Low,No,BMW,i3,76988,110,"Charging Infrastructure"
EV00846,58,Male,47216,42,Low,Yes,Rivian,R1T,78720,46,"Range Anxiety"
EV00847,25,Female,79595,43.9,Low,Yes,Chevrolet,"Bolt EUV",24458,46,"Charging Infrastructure"
EV00848,47,Male,108244,26.2,Low,Yes,Volkswagen,ID.3,45733,22,"Charging Infrastructure"
EV00849,54,Male,62705,58.3,Low,Yes,Tesla,"Model Y",33270,787,"Charging Infrastructure"
EV00850,56,Male,51741,24.3,Low,Yes,Polestar,"Polestar 3",43952,35,"Resale Value"
EV00851,47,Male,128293,63.2,Low,No,Nissan,Ariya,34898,438,"Range Anxiety"
EV00852,51,Female,104990,33,Medium,No,Volkswagen,ID.6,32188,391,"High Price"
EV00853,28,Female,95621,5.3,Low,No,Renault,"Kangoo E-Tech",29273,36,"Charging Infrastructure"
EV00854,34,Male,132496,5,Low,No,BYD,Seal,22803,57,"Range Anxiety"
EV00855,54,Female,96613,20,Low,Yes,Stellantis,"Jeep Avenger",30298,540,"High Price"
EV00856,67,Male,121025,42.5,Low,No,Volkswagen,ID.Buzz,38252,119,"Range Anxiety"
EV00857,26,Male,101603,65.9,Low,Yes,Volkswagen,ID.3,42731,96,"High Price"
EV00858,40,Male,66408,32.3,Low,Yes,Kia,"Niro EV",39109,100,"Charging Infrastructure"
EV00859,68,Female,46929,36.9,Low,Yes,Audi,e-tron,57042,103,"Resale Value"
EV00860,63,Female,99359,14,Low,Yes,Volkswagen,ID.6,29526,102,"Range Anxiety"
EV00861,26,Male,107315,59.3,Low,No,Tesla,"Model Y",47659,850,"Charging Time"
EV00862,35,Female,48028,18.8,Low,Yes,Nissan,Ariya,35501,34,"Range Anxiety"
EV00863,47,Male,30000,44.9,Low,Yes,Volkswagen,ID.6,23650,72,"Battery Life"
EV00864,59,Female,78418,45.8,Low,Yes,Tesla,"Model S",48757,827,"Charging Time"
EV00865,36,Male,86831,21.9,Low,No,Tesla,Cybertruck,67051,563,"None/No Concern"
EV00867,28,Male,66646,32.4,Low,Yes,Audi,"Q4 e-tron",58979,41,"Battery Life"
EV00868,68,Male,96854,59.7,Medium,No,Volkswagen,ID.3,31454,628,"High Price"
EV00869,56,Male,121778,52.4,Medium,No,BYD,"Atto 3",18012,45,"Charging Infrastructure"
EV00870,55,Male,85475,24.3,Low,No,Tesla,"Model Y",37126,541,"Charging Infrastructure"
EV00871,64,Female,72649,61.1,Low,Yes,Hyundai,"IONIQ 6",46120,539,"None/No Concern"
EV00872,41,Female,51280,21.3,Low,Yes,BYD,Seal,29550,572,"Charging Infrastructure"
EV00873,41,Female,85913,61.2,Low,Yes,Tesla,"Model S",39621,42,"Charging Infrastructure"
EV00874,55,Male,61100,95.9,Low,Yes,Tesla,"Model S",48816,41,"High Price"
EV00875,50,Female,120602,117,Medium,Yes,Stellantis,"Fiat 500e",28133,107,"Charging Infrastructure"
EV00877,35,Male,92040,61.9,Low,Yes,Rivian,R1S,39980,109,"Resale Value"
EV00878,47,Female,110708,11.4,Low,Yes,BYD,Han,26220,120,"Range Anxiety"
EV00879,58,Male,72683,39.3,Low,Yes,Volkswagen,ID.6,34168,114,"High Price"
EV00880,63,Other,154551,51.9,Low,No,Rivian,R1S,59728,53,"Battery Life"
EV00881,49,Male,135170,38.9,Low,Yes,Volvo,"XC40 Recharge",49088,416,"Resale Value"
EV00882,55,Male,96915,18.4,Low,Yes,Volvo,"C40 Recharge",64126,103,"Range Anxiety"
EV00883,68,Female,128801,35.4,Low,Yes,Audi,e-tron,66480,512,"Charging Infrastructure"
EV00884,39,Female,84164,39.2,Medium,No,"Tata Motors","Tiago EV",2080,223,"None/No Concern"
EV00885,64,Male,110595,30.3,Low,Yes,Nissan,Leaf,28202,110,"Range Anxiety"
EV00886,32,Male,69719,71.4,Low,Yes,Hyundai,"IONIQ 5",52278,64,"High Price"
EV00887,44,Female,147129,71.8,Low,Yes,BYD,"Atto 3",36639,545,"None/No Concern"
EV00888,36,Male,42205,40.9,Low,Yes,Tesla,"Model X",72518,88,"Charging Infrastructure"
EV00889,42,Female,102769,32.4,Low,Yes,NIO,EC6,31978,81,"Battery Life"
EV00890,32,Female,104625,37.8,Low,Yes,Hyundai,"Kona Electric",45306,365,"High Price"
EV00892,64,Male,69957,21.1,Low,Yes,Stellantis,"Opel Mokka-e",15622,25,"Charging Infrastructure"
EV00893,54,Female,134362,109.7,Low,Yes,Hyundai,"IONIQ 5",20028,483,"Charging Infrastructure"
EV00894,37,Female,120423,70.3,Low,Yes,BMW,i4,48471,86,"Charging Infrastructure"
EV00895,53,Male,84609,80.3,Low,Yes,"MG Motor","MG ZS EV",23103,217,"Resale Value"
EV00896,45,Male,57898,5,Low,Yes,Volvo,EX90,58562,625,"High Price"
EV00897,65,Female,91032,40.4,Low,No,Kia,EV6,26406,76,"High Price"
EV00898,47,Female,200498,79.5,Medium,No,Rivian,R1S,57350,52,"Battery Life"
EV00899,31,Male,42833,77.7,Low,Yes,Kia,EV6,28708,538,"Range Anxiety"
EV00900,35,Male,129664,14.1,Low,Yes,Nissan,Ariya,24163,576,"High Price"
EV00901,69,Male,94936,41.2,Low,Yes,Volkswagen,ID.6,33657,408,"High Price"
EV00902,40,Male,116472,5,Low,Yes,Stellantis,"Fiat 500e",20464,520,"None/No Concern"
EV00903,56,Female,80209,9.3,Low,No,Volvo,"C40 Recharge",36092,50,"Range Anxiety"
EV00904,48,Male,62412,30.3,Low,Yes,Stellantis,"Jeep Avenger",28197,551,"Charging Infrastructure"
EV00905,41,Female,49809,34.8,Low,Yes,Nissan,Leaf,19874,302,"Range Anxiety"
EV00907,51,Female,88742,74.3,Low,Yes,BYD,Han,32302,52,"Resale Value"
EV00908,51,Male,84529,36.7,Low,Yes,Ford,E-Transit,33637,288,"Charging Time"
EV00910,55,Female,65737,19.4,Low,Yes,BYD,Seal,27415,85,"Range Anxiety"
EV00911,67,Male,62724,31.5,Low,No,Volkswagen,ID.3,43515,515,"Charging Infrastructure"
EV00912,26,Male,69825,60.4,Low,No,Volvo,EX90,63062,613,"Battery Life"
EV00913,46,Male,32282,67.2,Low,No,Hyundai,"Kona Electric",42207,42,"Charging Infrastructure"
EV00914,59,Female,85720,44.7,Low,Yes,Kia,EV9,43984,485,"Range Anxiety"
EV00915,51,Female,43864,28.4,Medium,No,Audi,"Q4 e-tron",57147,102,"Battery Life"
EV00916,42,Female,80675,85.9,Low,No,Mercedes-Benz,EQS,88843,577,"High Price"
EV00917,67,Female,118144,41.3,Low,Yes,Volkswagen,ID.3,35359,588,"None/No Concern"
EV00919,54,Male,119293,42.9,Low,No,"MG Motor","MG 5",30228,340,"Charging Infrastructure"
EV00920,55,Male,60892,55.9,Medium,No,Chevrolet,"Silverado EV",55631,35,"Battery Life"
EV00921,53,Other,73327,62.3,Medium,No,Hyundai,"IONIQ 6",33306,340,"Resale Value"
EV00922,59,Male,94651,52.3,Low,Yes,Volvo,EX90,53025,367,"Charging Infrastructure"
EV00923,34,Female,101036,58.7,Low,Yes,Mercedes-Benz,EQE,88244,547,"Charging Infrastructure"
EV00924,67,Male,44146,34,Low,Yes,BMW,i7,80190,636,"High Price"
EV00925,38,Male,94814,65.4,Low,No,BMW,iX,58232,54,"Range Anxiety"
EV00926,52,Male,103598,5,Low,No,BMW,i7,41012,285,"Charging Infrastructure"
EV00927,37,Male,94223,43.1,Low,Yes,Volkswagen,ID.Buzz,28531,438,"High Price"
EV00928,25,Male,121810,29.3,Low,No,Audi,e-tron,48418,45,"Battery Life"
EV00929,46,Female,80577,45.8,Low,No,Nissan,Ariya,38793,106,"High Price"
EV00930,29,Male,99724,82.7,Low,Yes,Volkswagen,ID.3,42042,79,"High Price"
EV00931,59,Female,130373,45.3,Medium,No,Stellantis,"Jeep Avenger",20917,269,"High Price"
EV00932,48,Female,68898,66.3,Low,Yes,Mercedes-Benz,EQS,73042,538,"Charging Infrastructure"
EV00933,39,Male,168012,89.9,Low,Yes,Kia,EV9,35564,70,"Resale Value"
EV00934,53,Male,73928,31.7,Low,Yes,Tesla,"Model X",43311,722,"High Price"
EV00935,50,Male,106227,44.4,Low,Yes,Nissan,Ariya,42224,39,"Charging Infrastructure"
EV00936,43,Male,101008,68.4,Low,Yes,Volkswagen,ID.4,36631,31,"Charging Infrastructure"
EV00937,41,Male,81165,5,Low,Yes,BYD,Seal,29524,535,"Range Anxiety"
EV00938,50,Female,113263,35.1,Low,Yes,Kia,EV9,41441,461,"Battery Life"
EV00939,40,Male,78590,79.8,Low,Yes,Volkswagen,ID.4,48000,550,"Charging Infrastructure"
EV00940,46,Female,40751,29,Low,Yes,"MG Motor","MG ZS EV",23684,114,"Resale Value"
EV00941,63,Female,100176,79.5,Medium,No,Chevrolet,"Bolt EV",34073,103,"Battery Life"
EV00943,49,Female,73881,48.2,High,No,Renault,"Megane E-Tech",24534,266,"Resale Value"
EV00944,64,Male,108094,6.2,Low,Yes,Tesla,"Model 3",39547,51,"Range Anxiety"
EV00945,48,Male,31810,27.1,Medium,No,Volvo,"XC40 Recharge",54400,598,"Charging Infrastructure"
EV00946,39,Female,59191,31.6,Low,Yes,"MG Motor","MG ZS EV",25920,45,"None/No Concern"
EV00947,39,Female,129544,42.2,Medium,No,Hyundai,"Kona Electric",26926,589,"Charging Infrastructure"
EV00948,64,Female,97645,46.6,Low,Yes,BYD,Seal,25487,110,"High Price"
EV00949,29,Female,96573,5,Low,Yes,Nissan,Leaf,20478,611,"Charging Infrastructure"
EV00950,58,Female,30056,61.5,Medium,No,Tesla,"Model Y",46102,34,"Charging Time"
EV00951,32,Female,119397,80.8,Low,Yes,Audi,"Q4 e-tron",45917,503,"Range Anxiety"
EV00952,66,Male,30000,78.6,Medium,No,Tesla,"Model X",41471,786,"High Price"
EV00954,27,Female,34544,83.5,Medium,No,Hyundai,"IONIQ 5",22439,30,"Charging Infrastructure"
EV00955,40,Male,79198,33,Low,No,Tesla,"Model X",32779,46,"Charging Infrastructure"
EV00956,41,Male,80833,47.4,Low,Yes,"Tata Motors","Tiago EV",12916,265,"Charging Time"
EV00957,36,Female,92808,37.8,Low,Yes,Chevrolet,"Bolt EV",36442,327,"High Price"
EV00958,46,Male,70041,38.7,Low,Yes,Kia,EV6,30943,608,"Charging Time"
EV00959,42,Male,129028,10.4,Low,Yes,BYD,Dolphin,27261,587,"Charging Infrastructure"
EV00960,33,Male,100941,45.9,Low,Yes,Chevrolet,"Bolt EV",32566,370,"Charging Infrastructure"
EV00961,48,Other,36229,24.3,Low,Yes,BYD,Tang,20195,253,"Battery Life"
EV00962,40,Male,56353,56.9,Low,Yes,Rivian,R1T,52059,30,"Range Anxiety"
EV00963,54,Male,144692,39.3,Low,No,Volkswagen,ID.4,39363,99,"Battery Life"
EV00964,42,Male,32508,42.1,Medium,No,Tesla,"Model S",48970,824,"High Price"
EV00965,59,Female,34451,21.3,Low,Yes,Nissan,Ariya,21871,112,"High Price"
EV00966,49,Male,103090,53.4,Low,Yes,Nissan,Ariya,34374,44,"Range Anxiety"
EV00967,48,Male,30000,24.4,Low,No,Hyundai,"Kona Electric",45711,367,"Resale Value"
EV00968,50,Female,84851,35,Medium,No,Tesla,Cybertruck,39865,700,"Resale Value"
EV00969,25,Male,91022,53.3,Medium,Yes,Tesla,"Model Y",42095,588,"Battery Life"
EV00970,51,Male,62266,15,Low,Yes,BYD,"Atto 3",23749,56,"Charging Infrastructure"
EV00971,50,Male,111539,76.1,Medium,No,Polestar,"Polestar 2",30829,80,"Battery Life"
EV00972,48,Other,30000,5,Low,Yes,Volkswagen,ID.Buzz,37970,362,"Battery Life"
EV00973,43,Male,77433,5,Low,Yes,Volvo,"C40 Recharge",54483,64,"Battery Life"
EV00974,57,Male,89831,11,Low,No,"MG Motor","MG 5",26971,305,"Battery Life"
EV00975,56,Female,90936,60.2,Low,No,Ford,E-Transit,45317,286,"Range Anxiety"
EV00976,35,Female,98359,44.7,Low,Yes,Hyundai,"IONIQ 6",14102,390,"Charging Time"
EV00977,37,Male,108831,32.8,Low,No,Volvo,"XC40 Recharge",40738,43,"Charging Infrastructure"
EV00978,47,Female,112447,7.7,Medium,Yes,Ford,E-Transit,43110,294,"Resale Value"
EV00979,41,Female,67379,10.6,Low,Yes,BYD,Han,31636,519,"Charging Infrastructure"
EV00980,60,Female,66190,9.2,Low,Yes,Tesla,"Model 3",26812,813,"Charging Infrastructure"
EV00981,61,Other,85104,20,Low,No,BYD,Han,11572,60,"Charging Time"
EV00982,38,Female,86437,23.9,Low,Yes,"Tata Motors","Tigor EV",14747,238,"High Price"
EV00983,51,Female,124570,26,Low,No,Mercedes-Benz,EQS,90824,315,"Charging Time"
EV00984,32,Male,51005,34.9,Low,Yes,Volvo,"C40 Recharge",55711,324,"Range Anxiety"
EV00985,45,Male,76537,25.7,Low,No,Tesla,"Model X",35364,38,"High Price"
EV00986,46,Female,75277,40.7,Medium,No,Polestar,"Polestar 3",35230,451,"Charging Infrastructure"
EV00987,69,Male,86822,35.7,Low,Yes,Mercedes-Benz,EQB,62448,310,"Resale Value"
EV00988,38,Female,139919,29.8,Low,Yes,Nissan,Leaf,26630,522,"Range Anxiety"
EV00989,33,Male,49491,49.3,Low,Yes,Hyundai,"IONIQ 5",36219,59,"Range Anxiety"
EV00990,55,Male,97805,43.6,Low,Yes,Hyundai,"IONIQ 6",20342,326,"Charging Infrastructure"
EV00991,59,Female,116998,36.8,Low,Yes,Chevrolet,"Silverado EV",27349,277,"Charging Time"
EV00992,29,Female,116796,68.1,Low,Yes,Polestar,"Polestar 2",43222,57,"Range Anxiety"
EV00993,62,Female,86092,36.9,Low,No,"MG Motor","MG 4",28843,36,"Resale Value"
EV00994,40,Male,61385,36.5,Medium,No,"Tata Motors","Tigor EV",11885,28,"Battery Life"
EV00995,67,Female,30000,11.4,Low,Yes,Chevrolet,"Silverado EV",29600,427,"Battery Life"
EV00996,43,Female,85464,79.8,Medium,No,BMW,i4,56584,85,"Charging Time"
EV00997,36,Male,99209,14.6,Low,Yes,BMW,iX,52290,23,"Charging Time"
EV00998,56,Male,51331,75.7,Medium,No,"MG Motor","MG 4",25311,24,"Charging Infrastructure"
EV00999,27,Female,95524,24.2,Low,Yes,Hyundai,"IONIQ 5",50528,90,"Battery Life"
EV01000,38,Male,100063,50.2,Medium,No,Rivian,R1T,91016,91,"None/No Concern"
EV01001,46,Male,90753,57.9,Low,No,Tesla,"Model 3",35300,715,"High Price"
EV01002,27,Male,62794,30.4,Low,No,Kia,EV9,44210,41,"Charging Infrastructure"
EV01003,41,Female,130037,20.6,Low,No,BYD,Tang,33308,101,"High Price"
EV01004,68,Male,30000,61.1,Low,Yes,BYD,Seal,32296,614,"Battery Life"
EV01005,62,Male,112848,25.5,Low,Yes,Volkswagen,ID.6,30337,371,"Charging Infrastructure"
EV01006,37,Male,84887,11,Low,No,Rivian,R1T,66839,39,"Resale Value"
EV01007,56,Female,51804,29.4,Low,No,Audi,"e-tron GT",86504,115,"Charging Time"
EV01008,31,Male,94124,62.6,Low,Yes,Mercedes-Benz,EQE,58250,452,"High Price"
EV01009,26,Male,42798,35.1,Low,Yes,Rivian,R1T,49954,48,"Charging Infrastructure"
EV01010,62,Male,84301,90.1,Low,Yes,Kia,"Niro EV",36841,29,"Battery Life"
EV01011,67,Female,31568,24.5,Medium,Yes,"Tata Motors","Tigor EV",16292,52,"Charging Infrastructure"
EV01012,59,Male,114515,82,Low,Yes,Ford,"Mustang Mach-E",47054,284,"Range Anxiety"
EV01013,41,Female,30000,50.8,Low,Yes,Mercedes-Benz,EQS,57793,536,"Range Anxiety"
EV01014,60,Male,49837,31.6,Medium,No,Rivian,R1S,53233,377,"Resale Value"
EV01015,46,Female,97373,67.7,Low,Yes,Ford,"Mustang Mach-E",34618,440,"Charging Infrastructure"
EV01016,58,Male,76802,53,Low,No,Volkswagen,ID.Buzz,40727,51,"Resale Value"
EV01017,28,Female,96198,25.8,Low,Yes,BMW,i3,59061,276,"None/No Concern"
EV01018,48,Male,61888,5,Medium,No,Chevrolet,"Silverado EV",36818,418,"Charging Time"
EV01019,69,Female,30000,12.2,Low,Yes,Hyundai,"IONIQ 6",41462,113,"Range Anxiety"
EV01020,61,Male,93552,58.9,Low,Yes,Tesla,"Model Y",33690,636,"Charging Time"
EV01021,68,Male,122282,23.2,Medium,No,Volkswagen,ID.4,30070,287,"Range Anxiety"
EV01022,49,Other,101268,51.2,Low,Yes,"MG Motor","MG 4",17708,85,"Resale Value"
EV01023,52,Female,99851,78.8,Low,Yes,Renault,"Megane E-Tech",14245,49,"Charging Time"
EV01024,43,Male,105722,47.9,Low,Yes,Ford,"Mustang Mach-E",58905,46,"Charging Infrastructure"
EV01026,36,Female,64989,37.3,Low,Yes,BYD,"Atto 3",3896,447,"Resale Value"
EV01027,63,Male,168218,15.2,Low,Yes,Chevrolet,"Bolt EV",19386,324,"None/No Concern"
EV01028,37,Other,87328,5,Low,Yes,Tesla,"Model X",46777,850,"Charging Infrastructure"
EV01029,31,Male,61701,38.9,Low,Yes,Rivian,R1T,76187,555,"Resale Value"
EV01030,25,Male,110227,31.6,Low,Yes,Kia,EV9,45437,82,"Charging Infrastructure"
EV01031,40,Male,103466,47.5,Low,Yes,Audi,e-tron,68581,61,"Resale Value"
EV01032,43,Other,107561,26.2,Low,Yes,Nissan,Ariya,30028,632,"High Price"
EV01033,31,Male,123547,27.7,Low,No,Chevrolet,"Bolt EUV",46939,516,"Charging Infrastructure"
EV01034,54,Female,53506,9.4,Low,Yes,Tesla,"Model S",50049,509,"High Price"
EV01035,36,Female,53951,9.1,Low,Yes,Kia,EV9,34790,404,"Resale Value"
EV01036,49,Male,103006,37.1,Low,Yes,Volkswagen,ID.4,39823,105,"High Price"
EV01037,67,Male,66642,48.3,Medium,No,Volkswagen,ID.Buzz,37441,79,"Battery Life"
EV01038,62,Male,67075,55.8,Low,Yes,Mercedes-Benz,EQA,55290,580,"High Price"
EV01039,38,Female,98364,11.3,Low,No,Tesla,"Model S",40052,666,"Range Anxiety"
EV01040,30,Male,36796,10.5,Low,Yes,Kia,"Niro EV",48118,47,"Battery Life"
EV01041,69,Male,53387,31.9,Low,Yes,Volkswagen,ID.Buzz,33919,59,"Charging Infrastructure"
EV01042,67,Female,30000,59.4,Low,No,BYD,Dolphin,24315,64,"Charging Infrastructure"
EV01043,25,Female,78339,23.3,Low,Yes,Chevrolet,"Silverado EV",5903,297,"Range Anxiety"
EV01044,45,Male,75316,38.3,Low,No,Ford,E-Transit,49521,85,"High Price"
EV01045,47,Female,84999,32.9,Low,Yes,Tesla,Cybertruck,52143,536,"None/No Concern"
EV01046,35,Male,98797,45.2,Low,No,Volkswagen,ID.6,34763,56,"Charging Time"
EV01047,43,Female,94036,58.4,Medium,No,Audi,"Q4 e-tron",55208,376,"High Price"
EV01048,67,Male,76388,89.7,Low,Yes,Rivian,R1T,51802,273,"Battery Life"
EV01049,40,Female,60093,28.1,Low,No,BMW,i4,40065,41,"Range Anxiety"
EV01050,26,Female,122193,5,Medium,No,Rivian,R1T,67213,329,"Charging Infrastructure"
EV01051,67,Male,115260,47.4,Low,Yes,Nissan,Leaf,27252,524,"High Price"
EV01052,63,Male,64202,39.5,Low,Yes,Tesla,"Model S",31677,638,"High Price"
EV01053,54,Female,128064,56,Medium,No,BYD,Seal,22706,47,"Charging Time"
EV01054,63,Female,30000,69.4,Low,Yes,Chevrolet,"Bolt EUV",36141,582,"Battery Life"
EV01055,44,Male,38909,60.6,Low,Yes,Volkswagen,ID.4,36124,67,"High Price"
EV01056,59,Female,40402,55.3,Low,No,Kia,EV9,46507,296,"Charging Time"
EV01057,34,Male,70886,80.4,Low,No,BMW,i7,39017,346,"Range Anxiety"
EV01058,50,Female,125998,24.7,Low,Yes,Hyundai,"Kona Electric",28971,326,"High Price"
EV01060,48,Male,30000,43,Medium,No,Volkswagen,ID.3,32029,369,"Range Anxiety"
EV01061,37,Male,86435,42.6,Low,Yes,BMW,i4,60096,276,"Charging Time"
EV01062,40,Female,78525,58.9,Low,Yes,Polestar,"Polestar 3",62168,523,"High Price"
EV01063,51,Male,46357,14.6,Low,Yes,Kia,EV9,35975,550,"High Price"
EV01064,61,Female,48080,8.6,Low,Yes,Chevrolet,"Bolt EUV",37808,554,"Battery Life"
EV01065,46,Female,91328,76.8,Medium,No,Hyundai,"IONIQ 5",50073,255,"Range Anxiety"
EV01066,62,Male,100453,50.1,Low,Yes,Volkswagen,ID.3,38290,355,"Range Anxiety"
EV01067,63,Male,68719,80.7,Medium,No,Hyundai,"IONIQ 6",41325,57,"Battery Life"
